timestamp,flow_id,src_ip,dst_ip,packets,bytes,duration,mean_pkt_size,std_pkt_size,jitter,drop_rate,retrans_rate,checksum_error_rate,bps,flags_syn,flags_ack
2025-11-15T12:30:01.792525+00:00,session-2-1763209801792,127.0.0.1,127.0.0.1,1,23,0.0001,0.0,0.0,0.0,0.0,0.0,0.0,230000.0,0,0
2025-11-15T12:42:43.549688,anom_0,10.0.99.1,198.51.100.5,4,500000,60.0,125000.0,0.0,0.0,0.0,0.0,0.0,8333.333333333334,0,1
2025-11-15T12:42:43.755694,anom_1,10.0.99.1,198.51.100.5,4,500000,60.0,125000.0,0.0,0.0,0.0,0.0,0.0,8333.333333333334,0,1
2025-11-15T12:42:43.957149,anom_2,10.0.99.1,198.51.100.5,4,500000,60.0,125000.0,0.0,0.0,0.0,0.0,0.0,8333.333333333334,0,1
2025-11-15T12:42:44.160601,anom_3,10.0.99.1,198.51.100.5,4,500000,60.0,125000.0,0.0,0.0,0.0,0.0,0.0,8333.333333333334,0,1
2025-11-15T12:42:44.366041,anom_4,10.0.99.1,198.51.100.5,4,500000,60.0,125000.0,0.0,0.0,0.0,0.0,0.0,8333.333333333334,0,1
2025-11-15T12:44:54.626949,gen_0,10.0.2.174,192.168.3.162,30,13662,3.6485,449.3333333333333,37.34731880901522,0.058405706213577,0.0,0.03333333333333333,0.0,3744.552555844868,0,1
2025-11-15T12:44:54.627566,gen_1,10.0.5.199,192.168.5.35,15,4393,4.7515,297.6666666666667,47.03284904073842,0.14369451778046372,0.0,0.06666666666666667,0.0,924.550142060402,0,1
2025-11-15T12:44:54.627607,gen_2,10.0.2.120,192.168.2.211,32,19027,2.1765,583.6875,52.057922968074706,0.03267078662987239,0.0,0.0625,0.0,8742.016999770274,1,1
2025-11-15T12:44:54.627636,gen_3,10.0.2.20,192.168.0.170,17,8558,1.373,516.7647058823529,44.74703987812681,0.03333584603078547,0.0,0.0,0.0,6233.066278222869,1,1
2025-11-15T12:44:54.627659,gen_4,10.0.4.126,192.168.4.169,17,13365,0.5452,779.6470588235294,27.428926715444874,0.014318632316141243,0.0,0.0,0.0,24513.93983859134,0,1
2025-11-15T12:44:54.627692,gen_5,10.0.1.30,192.168.2.250,32,15639,4.4001,482.375,47.87140978705348,0.07041839381876476,0.0,0.0,0.0,3554.2374036953706,1,1
2025-11-15T12:44:54.627720,gen_6,10.0.2.47,192.168.5.206,23,13798,3.9068,604.4782608695652,46.644697322201296,0.07207143765007717,0.0,0.043478260869565216,0.0,3531.7907238660796,1,1
2025-11-15T12:44:54.627749,gen_7,10.0.5.208,192.168.0.66,28,10631,4.5075,388.2142857142857,47.44948979317537,0.07745092201684192,0.0,0.03571428571428571,0.0,2358.5135884636716,0,1
2025-11-15T12:44:54.627773,gen_8,10.0.3.31,192.168.0.84,17,8278,3.3066,473.7647058823529,49.51355062507364,0.08143597412258367,0.0,0.11764705882352941,0.0,2503.4778926994495,1,1
2025-11-15T12:44:54.627796,gen_9,10.0.4.76,192.168.2.224,21,13731,4.5241,658.3809523809524,46.736827724607465,0.09370853470531262,0.0,0.047619047619047616,0.0,3035.0788002033555,1,1
2025-11-15T12:44:54.627826,gen_10,10.0.4.93,192.168.4.246,30,14669,4.6302,481.56666666666666,52.18408654838071,0.07738950723094759,0.0,0.0,0.0,3168.1136883935897,0,1
2025-11-15T12:44:54.627844,gen_11,10.0.3.69,192.168.1.16,7,4617,4.7644,666.0,66.20746613055488,0.4050496587160137,0.0,0.14285714285714285,0.0,969.0622114012257,0,1
2025-11-15T12:44:54.627869,gen_12,10.0.1.57,192.168.4.139,24,6098,4.4437,257.4583333333333,57.0445579983071,0.10812941326618733,0.0,0.0,0.0,1372.2798568760268,0,1
2025-11-15T12:44:54.628119,gen_13,10.0.0.169,192.168.0.194,1,440,1.6553,487.0,0.0,0.0,0.0,0.0,0.0,265.81284359330635,0,1
2025-11-15T12:44:54.628152,gen_14,10.0.5.130,192.168.4.32,40,17393,2.6281,429.95,51.20446757852287,0.03283720327112793,0.0,0.0,0.0,6618.089113808455,1,1
2025-11-15T12:44:54.628169,gen_15,10.0.3.215,192.168.1.22,1,700,0.2178,737.0,0.0,0.0,0.0,0.0,0.0,3213.9577594123048,1,1
2025-11-15T12:44:54.628177,gen_16,10.0.1.220,192.168.5.206,1,736,1.5768,745.0,0.0,0.0,0.0,1.0,0.0,466.76813800101473,0,1
2025-11-15T12:44:54.628199,gen_17,10.0.5.234,192.168.3.159,24,10413,3.7505,439.1666666666667,43.30383611439317,0.07957062478519694,0.0,0.08333333333333333,0.0,2776.429809358752,0,1
2025-11-15T12:44:54.628231,gen_18,10.0.5.117,192.168.0.185,33,8497,4.0717,247.93939393939394,48.24554581038317,0.05668382630808915,0.0,0.030303030303030304,0.0,2086.8433332514674,0,1
2025-11-15T12:44:54.628263,gen_19,10.0.0.69,192.168.5.90,28,11199,2.3828,402.7857142857143,43.17684328338939,0.041889754585028034,0.0,0.07142857142857142,0.0,4699.9328521067655,0,1
2025-11-15T12:44:54.628287,gen_20,10.0.5.28,192.168.4.95,19,9225,0.066,470.8421052631579,48.00248146863675,0.001723254588484041,0.0,0.10526315789473684,0.0,139772.72727272726,0,1
2025-11-15T12:44:54.628309,gen_21,10.0.0.63,192.168.4.249,19,8223,3.9216,423.63157894736844,41.02786027274097,0.06509247574956536,0.0,0.10526315789473684,0.0,2096.848225214198,0,1
2025-11-15T12:44:54.628326,gen_22,10.0.0.34,192.168.5.207,10,2652,0.0712,295.0,38.12348357639947,0.0029128012994366777,0.0,0.0,0.0,37247.191011235955,1,1
2025-11-15T12:44:54.628338,gen_23,10.0.3.175,192.168.3.224,5,2417,4.1225,465.6,50.38094878026813,0.31373023522038807,0.0,0.2,0.0,586.2947240751971,0,1
2025-11-15T12:44:54.628353,gen_24,10.0.2.208,192.168.5.87,12,8378,4.306,732.25,34.474930505126956,0.12074311620842915,0.0,0.08333333333333333,0.0,1945.65722248026,1,1
2025-11-15T12:44:54.628364,gen_25,10.0.5.245,192.168.0.127,3,757,3.0527,277.3333333333333,71.80683966184714,0.08510045975721219,0.0,0.3333333333333333,0.0,247.977200511023,0,1
2025-11-15T12:44:54.628384,gen_26,10.0.2.126,192.168.4.247,20,9815,4.5571,486.45,51.31810109503273,0.06930009611485037,0.0,0.05,0.0,2153.7820104891266,0,1
2025-11-15T12:44:54.628404,gen_27,10.0.0.117,192.168.4.23,15,12893,1.3921,850.2,50.274181577956426,0.039182539918466514,0.0,0.13333333333333333,0.0,9261.547302636305,1,1
2025-11-15T12:44:54.628442,gen_28,10.0.2.26,192.168.0.9,29,16203,3.9186,559.4827586206897,52.850224734233414,0.06580630708195503,0.0,0.06896551724137931,0.0,4134.895115602511,1,1
2025-11-15T12:44:54.628462,gen_29,10.0.3.35,192.168.5.64,11,5453,0.4068,512.0909090909091,47.206422031242056,0.021351459061375335,0.0,0.18181818181818182,0.0,13404.621435594887,0,1
2025-11-15T12:44:54.628487,gen_30,10.0.0.170,192.168.1.153,27,15353,2.4017,580.5185185185185,34.600760396665194,0.042056680178645035,0.0,0.07407407407407407,0.0,6392.555273348045,0,1
2025-11-15T12:44:54.628510,gen_31,10.0.1.109,192.168.4.5,18,10375,4.5716,562.1666666666666,43.679705432462185,0.13423881955439726,0.0,0.0,0.0,2269.446145769534,0,1
2025-11-15T12:44:54.628543,gen_32,10.0.4.74,192.168.3.35,37,34383,4.5925,941.081081081081,48.76495107026478,0.07336361321629734,0.0,0.05405405405405406,0.0,7486.771910724006,0,1
2025-11-15T12:44:54.628582,gen_33,10.0.2.227,192.168.3.220,40,5476,4.4968,142.45,42.52466931088353,0.04915105837639079,0.0,0.0,0.0,1217.754847891834,1,1
2025-11-15T12:44:54.628603,gen_34,10.0.2.232,192.168.3.249,11,6769,3.3188,615.0909090909091,39.06278057750473,0.11559707891466509,0.0,0.18181818181818182,0.0,2039.5926238399422,0,1
2025-11-15T12:44:54.628625,gen_35,10.0.4.152,192.168.0.26,22,15625,4.586,704.5454545454545,34.99055362487434,0.10315348059157783,0.0,0.09090909090909091,0.0,3407.1085913650236,0,1
2025-11-15T12:44:54.628640,gen_36,10.0.1.138,192.168.4.93,6,3020,2.5191,520.1666666666666,59.057646038049604,0.1948964732957959,0.0,0.16666666666666666,0.0,1198.8408558612202,0,1
2025-11-15T12:44:54.628671,gen_37,10.0.3.167,192.168.5.167,38,14280,3.9912,374.39473684210526,47.37562079786797,0.05284746183254184,0.0,0.02631578947368421,0.0,3577.8713168971735,1,1
2025-11-15T12:44:54.628690,gen_38,10.0.2.38,192.168.5.165,6,1041,2.0801,175.0,33.49626844888845,0.17508414295679856,0.0,0.3333333333333333,0.0,500.4567088120764,0,1
2025-11-15T12:44:54.628713,gen_39,10.0.5.111,192.168.3.160,24,6272,1.0708,243.33333333333334,58.32071292050155,0.023062798715319292,0.0,0.0,0.0,5857.302951064625,0,1
2025-11-15T12:44:54.628733,gen_40,10.0.5.168,192.168.3.136,14,6327,3.104,450.35714285714283,41.847695179504626,0.08916651602708364,0.0,0.14285714285714285,0.0,2038.3376288659792,1,1
2025-11-15T12:44:54.628776,gen_41,10.0.0.196,192.168.4.54,38,16929,1.9249,443.6842105263158,49.983736967326045,0.020506848196871433,0.0,0.0,0.0,8794.742584030339,1,1
2025-11-15T12:44:54.628814,gen_42,10.0.1.148,192.168.4.92,40,20792,4.0157,518.475,35.56401798166231,0.04243487148082783,0.0,0.0,0.0,5177.677615359713,1,1
2025-11-15T12:44:54.628837,gen_43,10.0.5.115,192.168.3.113,13,4624,2.7789,356.61538461538464,35.67705244279462,0.10356791672403291,0.0,0.15384615384615385,0.0,1663.9677570261613,0,1
2025-11-15T12:44:54.628866,gen_44,10.0.3.118,192.168.3.35,31,18142,2.6414,581.4516129032259,48.92050082147923,0.04035978859578378,0.0,0.0,0.0,6868.327402135232,1,1
2025-11-15T12:44:54.628901,gen_45,10.0.5.227,192.168.5.110,38,28924,0.1374,769.3157894736842,53.095299258259196,0.0015446633625938089,0.0,0.0,0.0,210509.461426492,0,1
2025-11-15T12:44:54.628924,gen_46,10.0.0.180,192.168.0.234,15,5597,2.133,365.26666666666665,53.11932061145193,0.07927375850708733,0.0,0.0,0.0,2624.003750586029,0,1
2025-11-15T12:44:54.628950,gen_47,10.0.4.196,192.168.2.95,25,13959,2.9862,562.44,50.05123774693289,0.05190545656041954,0.0,0.04,0.0,4674.502712477396,0,1
2025-11-15T12:44:54.628985,gen_48,10.0.0.44,192.168.2.19,38,33174,3.2276,866.4473684210526,57.98670327094555,0.039393850730647086,0.0,0.05263157894736842,0.0,10278.225306729459,1,1
2025-11-15T12:44:54.629004,gen_49,10.0.0.93,192.168.1.67,8,5238,1.4662,636.0,58.728187440104094,0.1178364236566415,0.0,0.125,0.0,3572.500341017597,1,1
2025-11-15T12:44:54.629030,gen_50,10.0.4.27,192.168.3.81,29,7838,3.8258,273.0,44.641869939823735,0.07442469591084748,0.0,0.06896551724137931,0.0,2048.7218359558783,1,1
2025-11-15T12:44:54.629057,gen_51,10.0.0.234,192.168.5.67,23,12606,1.9748,560.1739130434783,40.554474554939326,0.041787693592862524,0.0,0.043478260869565216,0.0,6383.431233542637,1,1
2025-11-15T12:44:54.629095,gen_52,10.0.4.197,192.168.1.77,30,16925,2.8959,559.0333333333333,53.616218524704706,0.050194641737008806,0.0,0.03333333333333333,0.0,5844.4697676024725,1,1
2025-11-15T12:44:54.629121,gen_53,10.0.0.235,192.168.5.95,21,9029,1.5878,431.57142857142856,56.032789234409485,0.029450444741761173,0.0,0.0,0.0,5686.48444388462,1,1
2025-11-15T12:44:54.629138,gen_54,10.0.1.103,192.168.4.118,11,2432,2.9912,223.72727272727272,50.94041244272283,0.12313610385193577,0.0,0.18181818181818182,0.0,813.0516180797005,1,1
2025-11-15T12:44:54.629155,gen_55,10.0.5.164,192.168.4.141,13,3560,3.3219,287.46153846153845,43.45752193829914,0.09868913715801797,0.0,0.15384615384615385,0.0,1071.675848159186,1,1
2025-11-15T12:44:54.629171,gen_56,10.0.1.72,192.168.5.122,9,6504,4.041,730.4444444444445,38.166626233198706,0.15498745789336282,0.0,0.1111111111111111,0.0,1609.5025983667408,1,1
2025-11-15T12:44:54.629181,gen_57,10.0.1.130,192.168.1.23,3,790,4.6152,292.3333333333333,5.436502143433364,0.5257133869330956,0.0,0.6666666666666666,0.0,171.17351360721096,0,1
2025-11-15T12:44:54.629198,gen_58,10.0.0.238,192.168.1.137,16,11408,2.7258,709.8125,56.627310935183914,0.08043628005424444,0.0,0.125,0.0,4185.193337735711,0,1
2025-11-15T12:44:54.629228,gen_59,10.0.0.126,192.168.4.174,34,12686,2.9026,357.20588235294116,52.37858757150826,0.04804948000589986,0.0,0.029411764705882353,0.0,4370.564321642665,0,1
2025-11-15T12:44:54.629265,gen_60,10.0.0.104,192.168.3.201,39,10116,3.783,268.35897435897436,43.23844868981664,0.0500723113807539,0.0,0.0,0.0,2674.0681998413957,0,1
2025-11-15T12:44:54.629287,gen_61,10.0.4.19,192.168.2.26,12,7407,3.8422,613.5833333333334,58.69477309683451,0.1548715869319016,0.0,0.08333333333333333,0.0,1927.8017802300765,1,1
2025-11-15T12:44:54.629297,gen_62,10.0.0.33,192.168.0.52,1,424,3.5989,396.0,0.0,0.0,0.0,2.0,0.0,117.81377643168746,0,1
2025-11-15T12:44:54.629323,gen_63,10.0.1.140,192.168.1.37,32,14014,1.4837,426.28125,53.36445116777179,0.023072527555256832,0.0,0.03125,0.0,9445.305654781963,0,1
2025-11-15T12:44:54.629341,gen_64,10.0.1.128,192.168.1.179,9,5097,1.9391,581.2222222222222,59.5721369951829,0.11764372508080867,0.0,0.2222222222222222,0.0,2628.5390129441494,0,1
2025-11-15T12:44:54.629370,gen_65,10.0.4.231,192.168.0.10,35,27798,2.3023,794.5714285714286,46.88239737549125,0.03630461520534494,0.0,0.02857142857142857,0.0,12074.012943578162,1,1
2025-11-15T12:44:54.629394,gen_66,10.0.1.152,192.168.0.61,1,555,1.4058,550.0,0.0,0.0,0.0,1.0,0.0,394.79300042680325,0,1
2025-11-15T12:44:54.629417,gen_67,10.0.3.214,192.168.5.159,26,18029,3.5109,685.7692307692307,62.59780513005701,0.07406366606024861,0.0,0.038461538461538464,0.0,5135.150531202826,1,1
2025-11-15T12:44:54.629432,gen_68,10.0.1.181,192.168.0.214,5,1955,2.7545,393.8,38.07571404451924,0.2980854368536645,0.0,0.0,0.0,709.747685605373,1,1
2025-11-15T12:44:54.629451,gen_69,10.0.3.225,192.168.3.5,18,7080,3.1164,382.05555555555554,42.26302852667936,0.07559662974134494,0.0,0.05555555555555555,0.0,2271.8521370812477,0,1
2025-11-15T12:44:54.629472,gen_70,10.0.5.92,192.168.3.63,18,7271,2.8115,407.6111111111111,46.55598647374159,0.07253353984764736,0.0,0.05555555555555555,0.0,2586.163969411346,0,1
2025-11-15T12:44:54.629491,gen_71,10.0.4.6,192.168.0.248,14,4690,4.5389,329.64285714285717,59.10475826005544,0.17172146670883248,0.0,0.14285714285714285,0.0,1033.2900041860362,0,1
2025-11-15T12:44:54.629511,gen_72,10.0.5.69,192.168.4.229,17,8419,1.3888,497.52941176470586,55.94126925210343,0.0342216894561305,0.0,0.11764705882352941,0.0,6062.06797235023,1,1
2025-11-15T12:44:54.629526,gen_73,10.0.1.217,192.168.5.232,8,4446,1.9369,575.375,42.08009475987429,0.10774592524306605,0.0,0.125,0.0,2295.420517321493,1,1
2025-11-15T12:44:54.629545,gen_74,10.0.1.140,192.168.4.102,17,6259,2.2424,330.70588235294116,40.396221002468494,0.06061513575190155,0.0,0.11764705882352941,0.0,2791.2058508740633,0,1
2025-11-15T12:44:54.629574,gen_75,10.0.0.163,192.168.2.221,29,2733,4.3375,83.3103448275862,44.99203258836855,0.058205937133047406,0.0,0.034482758620689655,0.0,630.086455331412,0,1
2025-11-15T12:44:54.629599,gen_76,10.0.1.217,192.168.1.180,20,11622,4.6604,588.8,48.076605537412895,0.14738190510095703,0.0,0.0,0.0,2493.777358166681,0,1
2025-11-15T12:44:54.629627,gen_77,10.0.3.60,192.168.4.127,28,40,3.1678,48.607142857142854,19.99524815999021,0.04720890906980613,0.0,0.0,0.0,12.6270597891281,0,1
2025-11-15T12:44:54.629658,gen_78,10.0.3.194,192.168.1.218,25,14730,0.8022,589.6,46.11203747396118,0.01625702796720237,0.0,0.08,0.0,18362.004487658938,0,1
2025-11-15T12:44:54.629674,gen_79,10.0.1.7,192.168.1.184,7,3822,3.5189,526.1428571428571,36.588165812883005,0.2325738386606433,0.0,0.2857142857142857,0.0,1086.1348716928585,1,1
2025-11-15T12:44:54.629708,gen_80,10.0.5.115,192.168.1.248,26,13042,4.7641,492.5769230769231,55.04695413702118,0.09710621514956988,0.0,0.038461538461538464,0.0,2737.5579857685607,0,1
2025-11-15T12:44:54.629722,gen_81,10.0.0.208,192.168.2.167,1,111,4.9912,49.0,0.0,0.0,0.0,0.0,0.0,22.239140887962815,1,1
2025-11-15T12:44:54.629737,gen_82,10.0.0.61,192.168.0.237,13,1231,1.5957,93.92307692307692,43.003508870183246,0.03717197437562671,0.0,0.0,0.0,771.4482672181488,1,1
2025-11-15T12:44:54.629753,gen_83,10.0.5.153,192.168.4.21,11,8519,1.1691,770.3636363636364,51.0191991086292,0.036328634307225195,0.0,0.0,0.0,7286.801813360705,1,1
2025-11-15T12:44:54.629779,gen_84,10.0.4.17,192.168.4.86,26,17379,1.7364,676.1923076923077,51.73156991087538,0.03291490034024536,0.0,0.07692307692307693,0.0,10008.638562543194,1,1
2025-11-15T12:44:54.629795,gen_85,10.0.2.142,192.168.3.189,7,4070,0.5204,604.1428571428571,46.5017006491731,0.014296813249883376,0.0,0.2857142857142857,0.0,7820.906994619524,0,1
2025-11-15T12:44:54.629813,gen_86,10.0.3.167,192.168.1.54,15,8269,4.2222,561.1333333333333,43.198559646770114,0.13019353853473511,0.0,0.0,0.0,1958.457676093032,0,1
2025-11-15T12:44:54.629837,gen_87,10.0.3.70,192.168.4.232,22,14332,2.373,633.8181818181819,43.61675695880318,0.045091939396243126,0.0,0.0,0.0,6039.61230509903,0,1
2025-11-15T12:44:54.629865,gen_88,10.0.4.2,192.168.3.30,29,19237,0.5537,647.2068965517242,54.151371053005974,0.008204162614895733,0.0,0.06896551724137931,0.0,34742.64041899946,0,1
2025-11-15T12:44:54.629901,gen_89,10.0.1.89,192.168.5.22,35,12125,1.5387,335.74285714285713,43.416483280064995,0.022194618219592545,0.0,0.02857142857142857,0.0,7880.028595567687,1,1
2025-11-15T12:44:54.629937,gen_90,10.0.0.179,192.168.4.109,37,29337,2.2477,793.1081081081081,48.63197912606521,0.029644217703811995,0.0,0.05405405405405406,0.0,13052.008720024915,0,1
2025-11-15T12:44:54.629974,gen_91,10.0.4.5,192.168.5.86,38,24141,1.2266,645.9736842105264,47.19304522920237,0.015454125670276108,0.0,0.05263157894736842,0.0,19681.232675688898,1,1
2025-11-15T12:44:54.630004,gen_92,10.0.5.22,192.168.5.148,28,11622,4.6286,409.10714285714283,38.20091555158844,0.08058655963800379,0.0,0.07142857142857142,0.0,2510.9104264788493,0,1
2025-11-15T12:44:54.630029,gen_93,10.0.3.199,192.168.5.163,9,4087,1.4531,453.77777777777777,64.44080449490538,0.13097972075360123,0.0,0.2222222222222222,0.0,2812.607528731677,1,1
2025-11-15T12:44:54.630056,gen_94,10.0.5.33,192.168.2.104,30,12142,1.8869,390.3666666666667,57.496367034989454,0.034613335439522275,0.0,0.06666666666666667,0.0,6434.893211086968,0,1
2025-11-15T12:44:54.630074,gen_95,10.0.4.74,192.168.2.104,9,2782,0.2092,316.55555555555554,27.14205883909125,0.007916066124590478,0.0,0.1111111111111111,0.0,13298.279158699808,0,1
2025-11-15T12:44:54.630085,gen_96,10.0.2.195,192.168.3.237,3,871,1.2377,248.33333333333334,55.40356988097026,0.18468265788704208,0.0,0.6666666666666666,0.0,703.7246505615254,1,1
2025-11-15T12:44:54.630104,gen_97,10.0.3.56,192.168.3.139,20,6951,1.3049,353.45,51.28886331358885,0.028427227737637378,0.0,0.1,0.0,5326.844968963139,1,1
2025-11-15T12:44:54.630134,gen_98,10.0.2.90,192.168.5.183,32,13514,0.6716,433.4375,37.93080665830876,0.009993257847823499,0.0,0.03125,0.0,20122.096486003575,0,1
2025-11-15T12:44:54.630159,gen_99,10.0.3.182,192.168.5.214,21,8180,1.5879,400.14285714285717,50.81927429092019,0.0355672776139916,0.0,0.047619047619047616,0.0,5151.45790037156,0,1
2025-11-15T12:44:54.630174,gen_100,10.0.2.101,192.168.5.6,7,6089,1.0949,849.2857142857143,60.57749295787358,0.08378634793500499,0.0,0.0,0.0,5561.2384692666,0,1
2025-11-15T12:44:54.630186,gen_101,10.0.5.87,192.168.5.100,6,4260,4.1653,703.0,62.324420040088086,0.4007339613066948,0.0,0.0,0.0,1022.7354572299714,0,1
2025-11-15T12:44:54.630195,gen_102,10.0.3.144,192.168.3.62,2,243,4.8348,125.0,85.0,0.04226950000000018,0.0,0.5,0.0,50.26061057334326,0,1
2025-11-15T12:44:54.630223,gen_103,10.0.4.107,192.168.4.54,33,40,3.9843,45.303030303030305,12.169223098343771,0.06058268099690856,0.0,0.030303030303030304,0.0,10.039404663303465,0,1
2025-11-15T12:44:54.630252,gen_104,10.0.1.233,192.168.3.109,26,2485,3.0735,101.73076923076923,47.950742107281854,0.0720228586008427,0.0,0.038461538461538464,0.0,808.5244834878803,0,1
2025-11-15T12:44:54.630286,gen_105,10.0.0.82,192.168.1.79,37,40,2.467,45.67567567567568,17.77342999346642,0.029408261612850334,0.0,0.0,0.0,16.214025131738953,0,1
2025-11-15T12:44:54.630302,gen_106,10.0.5.134,192.168.1.74,3,1554,0.0751,469.6666666666667,23.22833518691246,0.009810257636213683,0.0,0.0,0.0,20692.410119840213,0,1
2025-11-15T12:44:54.630333,gen_107,10.0.4.148,192.168.3.132,23,15411,3.6862,684.695652173913,43.33733683217167,0.09098770286799589,0.0,0.0,0.0,4180.72812110032,0,1
2025-11-15T12:44:54.630369,gen_108,10.0.1.39,192.168.4.21,39,13830,2.9785,360.61538461538464,51.24331870626217,0.034396976520838986,0.0,0.0,0.0,4643.276817189861,0,1
2025-11-15T12:44:54.630395,gen_109,10.0.2.48,192.168.2.125,18,4621,1.5016,250.22222222222223,51.274376918642915,0.03504828184588747,0.0,0.05555555555555555,0.0,3077.384123601492,0,1
2025-11-15T12:44:54.630408,gen_110,10.0.4.4,192.168.5.236,5,3437,3.6114,665.2,39.40253798932246,0.28910736948960675,0.0,0.0,0.0,951.7084787063188,0,1
2025-11-15T12:44:54.630416,gen_111,10.0.2.152,192.168.3.158,1,358,0.7466,437.0,0.0,0.0,0.0,0.0,0.0,479.5070988481114,0,1
2025-11-15T12:44:54.630423,gen_112,10.0.3.190,192.168.4.82,1,255,2.6476,222.0,0.0,0.0,0.0,2.0,0.0,96.31364254419096,1,1
2025-11-15T12:44:54.630445,gen_113,10.0.1.224,192.168.2.175,24,18444,1.404,739.4166666666666,48.27431741850134,0.02763261474434468,0.0,0.0,0.0,13136.752136752137,1,1
2025-11-15T12:44:54.630476,gen_114,10.0.3.7,192.168.0.126,33,36429,2.5077,1095.939393939394,53.19657051713208,0.037389215332781486,0.0,0.030303030303030304,0.0,14526.857279578899,0,1
2025-11-15T12:44:54.630505,gen_115,10.0.1.40,192.168.5.180,28,12186,0.9889,448.17857142857144,50.341018188400774,0.01635921357615815,0.0,0.07142857142857142,0.0,12322.782890079887,0,1
2025-11-15T12:44:54.630521,gen_116,10.0.1.107,192.168.5.247,5,40,2.9934,54.8,15.778466338652818,0.1782053924968602,0.0,0.0,0.0,13.362731342286365,0,1
2025-11-15T12:44:54.630530,gen_117,10.0.4.19,192.168.3.69,3,2193,1.7829,725.3333333333334,9.104333522498443,0.22873846570895962,0.0,0.6666666666666666,0.0,1230.0185091704527,1,1
2025-11-15T12:44:54.630556,gen_118,10.0.3.177,192.168.1.17,31,11898,4.753,370.80645161290323,42.014912371710324,0.07476109266874002,0.0,0.03225806451612903,0.0,2503.2610982537344,1,1
2025-11-15T12:44:54.630580,gen_119,10.0.5.171,192.168.2.247,13,4104,2.9747,307.46153846153845,42.09808215002269,0.10265119222761847,0.0,0.15384615384615385,0.0,1379.6349211685213,0,1
2025-11-15T12:44:54.630606,gen_120,10.0.0.195,192.168.5.168,26,7957,0.9047,292.0769230769231,58.13970116943332,0.014834929800271861,0.0,0.07692307692307693,0.0,8795.180722891566,0,1
2025-11-15T12:44:54.630643,gen_121,10.0.3.204,192.168.0.31,27,18083,2.0769,659.4444444444445,50.728276382027396,0.028974671083040273,0.0,0.037037037037037035,0.0,8706.726371033752,0,1
2025-11-15T12:44:54.630671,gen_122,10.0.1.61,192.168.4.120,25,22973,4.8804,915.72,51.78765876152348,0.08261821140514722,0.0,0.0,0.0,4707.196131464634,1,1
2025-11-15T12:44:54.630691,gen_123,10.0.5.228,192.168.1.158,14,2260,1.4541,164.21428571428572,58.24232453591579,0.03789319054390827,0.0,0.14285714285714285,0.0,1554.2259817068978,0,1
2025-11-15T12:44:54.630711,gen_124,10.0.0.171,192.168.4.27,15,5832,4.0388,379.73333333333335,62.83891221917268,0.11038321523279203,0.0,0.06666666666666667,0.0,1443.9932653263345,1,1
2025-11-15T12:44:54.630744,gen_125,10.0.4.158,192.168.0.235,39,16688,3.5851,438.02564102564105,59.65348107257669,0.04824235131450788,0.0,0.05128205128205128,0.0,4654.821343895567,1,1
2025-11-15T12:44:54.630766,gen_126,10.0.0.249,192.168.5.34,11,5276,3.837,482.09090909090907,49.17954960319944,0.128405009861778,0.0,0.0,0.0,1375.032577534532,0,1
2025-11-15T12:44:54.630793,gen_127,10.0.5.69,192.168.4.53,31,16568,0.5358,527.0967741935484,62.310023446089616,0.009527594563830722,0.0,0.03225806451612903,0.0,30921.985815602835,0,1
2025-11-15T12:44:54.630829,gen_128,10.0.4.190,192.168.0.189,38,16627,3.1778,446.7105263157895,48.84718808625035,0.03845483386803104,0.0,0.05263157894736842,0.0,5232.236138208824,0,1
2025-11-15T12:44:54.630864,gen_129,10.0.0.179,192.168.3.175,35,10316,0.2677,287.8,43.04336683591827,0.0036615493948071003,0.0,0.0,0.0,38535.67426223384,1,1
2025-11-15T12:44:54.630896,gen_130,10.0.3.226,192.168.5.194,31,9759,3.9965,306.06451612903226,47.184562458957785,0.061599299343928014,0.0,0.06451612903225806,0.0,2441.886650819467,1,1
2025-11-15T12:44:54.630912,gen_131,10.0.1.8,192.168.1.154,6,2332,4.3778,406.0,34.717910843444095,0.3224481706107544,0.0,0.0,0.0,532.6876513317192,0,1
2025-11-15T12:44:54.630927,gen_132,10.0.3.117,192.168.2.250,11,3755,4.1667,327.72727272727275,36.42449452844737,0.18553138680575348,0.0,0.18181818181818182,0.0,901.1927904576764,1,1
2025-11-15T12:44:54.630956,gen_133,10.0.5.18,192.168.0.175,25,10351,4.2029,423.72,42.6591326681638,0.0641247975889016,0.0,0.04,0.0,2462.823288681625,1,1
2025-11-15T12:44:54.630992,gen_134,10.0.0.48,192.168.4.142,39,27866,1.6786,718.1538461538462,48.355276254172686,0.02116455301677163,0.0,0.05128205128205128,0.0,16600.738710830454,0,1
2025-11-15T12:44:54.631014,gen_135,10.0.3.135,192.168.1.4,7,5629,0.2832,831.0,34.38853629585633,0.014055206271945593,0.0,0.2857142857142857,0.0,19876.41242937853,0,1
2025-11-15T12:44:54.631044,gen_136,10.0.1.211,192.168.3.12,35,24037,4.6348,678.9714285714285,47.5415521798928,0.06126403088206299,0.0,0.05714285714285714,0.0,5186.20005178217,1,1
2025-11-15T12:44:54.631060,gen_137,10.0.2.1,192.168.5.26,4,4082,0.4661,1034.75,25.96512083545925,0.03528173911529873,0.0,0.5,0.0,8757.777301008367,0,1
2025-11-15T12:44:54.631091,gen_138,10.0.1.204,192.168.4.132,38,28027,2.2044,728.8947368421053,47.138535735070704,0.025151626880023318,0.0,0.05263157894736842,0.0,12714.117220105243,0,1
2025-11-15T12:44:54.631120,gen_139,10.0.3.30,192.168.0.37,24,11135,1.8347,458.2083333333333,32.54865481944769,0.040731468510913714,0.0,0.041666666666666664,0.0,6069.112116422303,0,1
2025-11-15T12:44:54.631152,gen_140,10.0.5.230,192.168.5.30,34,20010,1.6694,583.6764705882352,38.4016854625781,0.02397645970748541,0.0,0.058823529411764705,0.0,11986.342398466515,0,1
2025-11-15T12:44:54.631170,gen_141,10.0.1.145,192.168.1.169,7,4012,3.2939,583.5714285714286,43.989794734873755,0.14541776827050917,0.0,0.2857142857142857,0.0,1218.0090470263215,0,1
2025-11-15T12:44:54.631197,gen_142,10.0.4.207,192.168.1.73,30,6662,3.6166,200.3,54.75834791761588,0.05932077941426222,0.0,0.0,0.0,1842.0616048222087,0,1
2025-11-15T12:44:54.631220,gen_143,10.0.0.93,192.168.2.47,17,13533,3.7149,804.8235294117648,52.23840743239273,0.07227062093778884,0.0,0.0,0.0,3642.897520794638,1,1
2025-11-15T12:44:54.631241,gen_144,10.0.3.213,192.168.0.240,18,6066,4.4707,307.6111111111111,48.6793806325166,0.15212792820133406,0.0,0.1111111111111111,0.0,1356.8345001901268,0,1
2025-11-15T12:44:54.631278,gen_145,10.0.4.182,192.168.5.26,37,18317,1.326,481.13513513513516,38.89150686284628,0.018721033486171587,0.0,0.0,0.0,13813.725490196077,1,1
2025-11-15T12:44:54.631310,gen_146,10.0.3.192,192.168.3.112,24,11937,1.7652,507.8333333333333,40.36672171755123,0.03567822649076102,0.0,0.08333333333333333,0.0,6762.406526172671,1,1
2025-11-15T12:44:54.631337,gen_147,10.0.1.136,192.168.0.28,27,19004,0.1649,694.925925925926,43.57192939898425,0.002296550622116815,0.0,0.0,0.0,115245.60339599758,0,1
2025-11-15T12:44:54.631358,gen_148,10.0.5.135,192.168.1.15,14,6793,3.6274,474.5,47.726527514281074,0.1352497320010171,0.0,0.14285714285714285,0.0,1872.691183767988,1,1
2025-11-15T12:44:54.631369,gen_149,10.0.3.99,192.168.0.203,3,998,4.2187,273.0,16.08311744241976,0.18377541416268567,0.0,0.0,0.0,236.56576670538317,1,1
2025-11-15T12:44:54.631399,gen_150,10.0.3.31,192.168.2.44,37,16219,3.3782,444.35135135135135,47.08601457380014,0.0494132856316598,0.0,0.05405405405405406,0.0,4801.077496891836,0,1
2025-11-15T12:44:54.631431,gen_151,10.0.2.221,192.168.3.83,30,8274,2.667,285.1666666666667,37.08016840426819,0.036421387588140515,0.0,0.06666666666666667,0.0,3102.36220472441,0,1
2025-11-15T12:44:54.631452,gen_152,10.0.2.113,192.168.3.108,13,7669,1.0568,602.4615384615385,49.78355518505991,0.039752179716947854,0.0,0.0,0.0,7256.813020439062,0,1
2025-11-15T12:44:54.631471,gen_153,10.0.5.106,192.168.3.39,14,4381,0.2768,294.5,39.26239567685235,0.0071325696517268375,0.0,0.0,0.0,15827.312138728324,0,1
2025-11-15T12:44:54.631500,gen_154,10.0.0.90,192.168.1.141,33,14097,0.285,414.09090909090907,45.97190422379122,0.004633046763240847,0.0,0.0,0.0,49463.15789473685,1,1
2025-11-15T12:44:54.631520,gen_155,10.0.0.103,192.168.3.244,12,4635,0.0704,373.75,57.14911052092879,0.0027491978059770252,0.0,0.0,0.0,65838.06818181818,0,1
2025-11-15T12:44:54.631532,gen_156,10.0.2.119,192.168.3.160,5,3911,4.477,820.2,60.59174861315689,0.3850654111464181,0.0,0.4,0.0,873.5760553942372,0,1
2025-11-15T12:44:54.631542,gen_157,10.0.5.41,192.168.5.95,3,1003,3.1352,359.3333333333333,33.229839334884275,0.35408081547296516,0.0,0.0,0.0,319.91579484562385,0,1
2025-11-15T12:44:54.631561,gen_158,10.0.0.57,192.168.0.147,10,3623,3.4432,352.0,34.56009259246856,0.19768337942247444,0.0,0.1,0.0,1052.2188661710038,0,1
2025-11-15T12:44:54.631582,gen_159,10.0.3.241,192.168.2.193,20,12992,0.928,642.45,57.06616773535787,0.016076727224469536,0.0,0.1,0.0,14000.0,1,1
2025-11-15T12:44:54.631606,gen_160,10.0.4.238,192.168.3.228,22,9594,0.7922,438.6363636363636,42.966737086585574,0.01919420785437692,0.0,0.09090909090909091,0.0,12110.578136834132,0,1
2025-11-15T12:44:54.631634,gen_161,10.0.4.176,192.168.2.183,27,5831,1.5162,214.55555555555554,33.558498767170335,0.02703809446729737,0.0,0.07407407407407407,0.0,3845.798707294552,0,1
2025-11-15T12:44:54.631668,gen_162,10.0.4.166,192.168.0.101,36,22696,2.4076,616.1111111111111,51.55190360628886,0.0331777370464116,0.0,0.05555555555555555,0.0,9426.815085562386,1,1
2025-11-15T12:44:54.631699,gen_163,10.0.4.143,192.168.5.101,28,12950,1.5838,443.64285714285717,47.99569496000529,0.03205869131802224,0.0,0.07142857142857142,0.0,8176.5374415961605,1,1
2025-11-15T12:44:54.631723,gen_164,10.0.3.181,192.168.4.12,20,7031,4.065,343.05,58.890979784683495,0.12166809045771819,0.0,0.05,0.0,1729.6432964329642,0,1
2025-11-15T12:44:54.631757,gen_165,10.0.3.170,192.168.0.181,37,20913,1.3079,567.8378378378378,48.392825866289876,0.017037979070875054,0.0,0.0,0.0,15989.754568392078,0,1
2025-11-15T12:44:54.631786,gen_166,10.0.4.97,192.168.2.32,25,22917,1.8796,915.96,48.62384600173047,0.03209045388158915,0.0,0.08,0.0,12192.487763353905,0,1
2025-11-15T12:44:54.631815,gen_167,10.0.5.131,192.168.5.82,28,21966,4.2073,776.1428571428571,51.90493665326635,0.06623623474768943,0.0,0.07142857142857142,0.0,5220.925534190574,1,1
2025-11-15T12:44:54.631829,gen_168,10.0.5.146,192.168.5.184,3,927,2.8197,349.0,61.106464469808756,0.08673620489865938,0.0,0.0,0.0,328.75837855090964,0,1
2025-11-15T12:44:54.631851,gen_169,10.0.5.12,192.168.5.24,23,17278,4.4258,736.304347826087,38.65728434939942,0.07956875887193202,0.0,0.0,0.0,3903.9269736544807,0,1
2025-11-15T12:44:54.631887,gen_170,10.0.0.152,192.168.0.54,29,14757,4.2136,496.82758620689657,49.88750722307363,0.076445360791233,0.0,0.0,0.0,3502.2308714638316,0,1
2025-11-15T12:44:54.631904,gen_171,10.0.3.157,192.168.4.206,7,4096,3.8084,594.0,40.74660371473571,0.2006671337334949,0.0,0.2857142857142857,0.0,1075.517277596891,0,1
2025-11-15T12:44:54.631924,gen_172,10.0.5.5,192.168.3.211,18,7844,0.6142,437.44444444444446,49.224228702520314,0.014785989372659345,0.0,0.05555555555555555,0.0,12771.084337349399,0,1
2025-11-15T12:44:54.631939,gen_173,10.0.0.205,192.168.2.196,7,2970,3.9764,445.42857142857144,62.52966642861187,0.27548699102261415,0.0,0.14285714285714285,0.0,746.9067498239614,0,1
2025-11-15T12:44:54.631960,gen_174,10.0.3.172,192.168.0.21,20,8124,2.0954,414.85,47.86154510669291,0.0531114416472336,0.0,0.0,0.0,3877.064045051064,1,1
2025-11-15T12:44:54.631979,gen_175,10.0.0.93,192.168.1.150,14,3305,2.7373,221.35714285714286,40.955737680813314,0.07259469800775216,0.0,0.0,0.0,1207.3941475176268,0,1
2025-11-15T12:44:54.631996,gen_176,10.0.0.109,192.168.2.73,12,6387,2.5815,531.4166666666666,44.845026356206866,0.12453629420875666,0.0,0.16666666666666666,0.0,2474.142940151075,0,1
2025-11-15T12:44:54.632025,gen_177,10.0.0.180,192.168.5.71,32,17729,3.8017,560.40625,48.901597222764615,0.07398334762295515,0.0,0.0625,0.0,4663.440039982113,1,1
2025-11-15T12:44:54.632058,gen_178,10.0.0.114,192.168.5.227,33,23264,4.2368,713.5151515151515,48.62916023310544,0.06837034061570978,0.0,0.06060606060606061,0.0,5490.936555891239,0,1
2025-11-15T12:44:54.632088,gen_179,10.0.5.36,192.168.3.212,26,12421,4.3043,498.0,49.46871583287609,0.07956319417338953,0.0,0.07692307692307693,0.0,2885.7189322305603,1,1
2025-11-15T12:44:54.632105,gen_180,10.0.3.33,192.168.4.86,8,5346,2.7019,682.125,37.59134707615571,0.18973270702013267,0.0,0.25,0.0,1978.6076464710018,1,1
2025-11-15T12:44:54.632115,gen_181,10.0.4.144,192.168.5.136,3,1141,4.5885,385.3333333333333,29.78067979225607,0.22089788400425103,0.0,0.3333333333333333,0.0,248.6651411136537,0,1
2025-11-15T12:44:54.632132,gen_182,10.0.1.88,192.168.0.4,15,6119,4.4557,400.8666666666667,42.74867119442298,0.0911405999632558,0.0,0.0,0.0,1373.2971250308592,1,1
2025-11-15T12:44:54.632158,gen_183,10.0.1.131,192.168.1.45,27,5452,0.1322,188.11111111111111,38.74544975275432,0.0023898551178314063,0.0,0.037037037037037035,0.0,41240.54462934947,0,1
2025-11-15T12:44:54.632180,gen_184,10.0.1.231,192.168.0.123,8,3537,3.1127,440.875,42.096429480420305,0.2381128023326077,0.0,0.0,0.0,1136.3125261027405,1,1
2025-11-15T12:44:54.632192,gen_185,10.0.2.127,192.168.1.62,5,2363,3.2443,450.0,48.40247927534291,0.3326051584305932,0.0,0.4,0.0,728.3543445427365,0,1
2025-11-15T12:44:54.632214,gen_186,10.0.1.7,192.168.1.122,23,8034,0.6769,378.0,51.87862087939333,0.009592567386781459,0.0,0.0,0.0,11868.81370955828,0,1
2025-11-15T12:44:54.632227,gen_187,10.0.1.110,192.168.0.107,3,1122,2.6587,315.6666666666667,43.60682923070142,0.21500643886844156,0.0,0.3333333333333333,0.0,422.0107571369466,0,1
2025-11-15T12:44:54.632247,gen_188,10.0.2.136,192.168.5.113,18,12827,2.7411,723.1111111111111,60.678468530524704,0.07755948894251877,0.0,0.0,0.0,4679.508226624348,0,1
2025-11-15T12:44:54.632263,gen_189,10.0.5.249,192.168.3.36,9,7703,2.9346,852.3333333333334,36.60601043544625,0.055536341326654,0.0,0.1111111111111111,0.0,2624.8892523682953,0,1
2025-11-15T12:44:54.632294,gen_190,10.0.1.208,192.168.4.190,37,4909,0.9175,137.9189189189189,41.94679923902217,0.011818739751671926,0.0,0.02702702702702703,0.0,5350.408719346049,1,1
2025-11-15T12:44:54.632324,gen_191,10.0.0.38,192.168.2.163,27,20745,2.9008,770.5925925925926,53.065479648407035,0.060407976652199005,0.0,0.0,0.0,7151.475455046884,1,1
2025-11-15T12:44:54.632341,gen_192,10.0.5.17,192.168.3.239,8,2919,3.0359,355.625,58.25791255271682,0.24793447757216902,0.0,0.0,0.0,961.4941203596957,1,1
2025-11-15T12:44:54.632361,gen_193,10.0.4.52,192.168.4.3,18,6964,2.7089,387.5,47.47309179360919,0.07080164926978035,0.0,0.0,0.0,2570.7851895603385,0,1
2025-11-15T12:44:54.632379,gen_194,10.0.3.16,192.168.5.234,13,2667,0.2264,227.84615384615384,50.45766870715438,0.007282862375378119,0.0,0.07692307692307693,0.0,11780.035335689046,0,1
2025-11-15T12:44:54.632405,gen_195,10.0.3.131,192.168.0.212,25,3107,2.7964,138.28,50.590528757861385,0.0539547651737416,0.0,0.04,0.0,1111.0713774853382,0,1
2025-11-15T12:44:54.632439,gen_196,10.0.5.122,192.168.0.172,38,31677,3.3426,835.0263157894736,51.85530823059246,0.04287937873657322,0.0,0.05263157894736842,0.0,9476.754622150422,0,1
2025-11-15T12:44:54.632478,gen_197,10.0.2.18,192.168.3.26,40,4936,3.5964,122.65,38.73857896206313,0.05023299038926012,0.0,0.0,0.0,1372.4835947058168,1,1
2025-11-15T12:44:54.632512,gen_198,10.0.0.241,192.168.1.229,24,5462,1.0899,219.45833333333334,36.63784378511135,0.018429316372093357,0.0,0.0,0.0,5011.46894210478,1,1
2025-11-15T12:44:54.632544,gen_199,10.0.1.142,192.168.5.195,34,19659,2.0551,574.4705882352941,55.13738738722822,0.025469362292209034,0.0,0.058823529411764705,0.0,9565.957860931341,1,1
2025-11-15T12:44:54.632573,gen_200,10.0.0.207,192.168.5.97,25,3061,2.3327,120.08,49.125895411686905,0.04362548332713805,0.0,0.08,0.0,1312.2133150426544,1,1
2025-11-15T12:44:54.632602,gen_201,10.0.4.125,192.168.0.179,29,12168,2.6161,419.51724137931035,44.21859547174084,0.04477589153013783,0.0,0.034482758620689655,0.0,4651.198348686977,0,1
2025-11-15T12:44:54.632629,gen_202,10.0.5.192,192.168.2.224,23,13528,2.088,567.0869565217391,50.7705092792693,0.0451189523023111,0.0,0.08695652173913043,0.0,6478.927203065134,0,1
2025-11-15T12:44:54.632653,gen_203,10.0.5.194,192.168.2.217,21,14865,1.8094,718.5238095238095,38.34134787557813,0.03692477063170578,0.0,0.09523809523809523,0.0,8215.430529457279,0,1
2025-11-15T12:44:54.632687,gen_204,10.0.2.175,192.168.5.218,36,25403,1.0698,705.7222222222222,57.00663270918137,0.014137591665523525,0.0,0.05555555555555555,0.0,23745.559917741633,1,1
2025-11-15T12:44:54.632724,gen_205,10.0.4.94,192.168.5.81,39,14046,3.6793,360.7692307692308,54.63888984984659,0.04419700990958619,0.0,0.02564102564102564,0.0,3817.573995053407,0,1
2025-11-15T12:44:54.632751,gen_206,10.0.4.186,192.168.5.20,21,11266,0.7501,534.1904761904761,44.749694383227805,0.016254939915184508,0.0,0.047619047619047616,0.0,15019.330755899213,0,1
2025-11-15T12:44:54.632782,gen_207,10.0.0.75,192.168.1.212,33,18409,3.4381,555.3636363636364,52.343167295592984,0.04651603552165612,0.0,0.0,0.0,5354.410866466944,1,1
2025-11-15T12:44:54.632800,gen_208,10.0.0.58,192.168.0.167,7,4301,3.8162,597.1428571428571,24.209965902074128,0.24150576952638342,0.0,0.14285714285714285,0.0,1127.0373670143074,0,1
2025-11-15T12:44:54.632828,gen_209,10.0.2.6,192.168.4.54,31,16644,2.9314,536.2903225806451,38.18139518935393,0.04907802965373639,0.0,0.03225806451612903,0.0,5677.833117281845,1,1
2025-11-15T12:44:54.632854,gen_210,10.0.0.238,192.168.3.64,15,9071,4.081,614.4666666666667,45.88952918574006,0.11781175777296406,0.0,0.0,0.0,2222.739524626317,0,1
2025-11-15T12:44:54.632873,gen_211,10.0.0.5,192.168.4.19,13,1585,2.7116,135.69230769230768,41.11407136133961,0.09891533724077184,0.0,0.07692307692307693,0.0,584.5257412597729,0,1
2025-11-15T12:44:54.632906,gen_212,10.0.2.192,192.168.0.198,39,24797,3.6046,622.0,52.278838195554066,0.042155521348007166,0.0,0.05128205128205128,0.0,6879.265383121567,1,1
2025-11-15T12:44:54.632943,gen_213,10.0.4.241,192.168.1.142,33,25380,2.6516,763.8181818181819,48.37132543115748,0.03808679855649236,0.0,0.0,0.0,9571.579423744153,1,1
2025-11-15T12:44:54.632959,gen_214,10.0.2.40,192.168.4.165,2,1023,4.1008,433.5,1.5,0.03722599999999998,0.0,1.0,0.0,249.46351931330474,0,1
2025-11-15T12:44:54.632983,gen_215,10.0.2.85,192.168.2.195,26,22417,1.8804,860.3461538461538,48.398142294046714,0.03952337402710815,0.0,0.0,0.0,11921.399702191024,0,1
2025-11-15T12:44:54.633014,gen_216,10.0.3.210,192.168.1.207,32,4520,3.2308,147.5,42.55951714951663,0.04916308451847884,0.0,0.0625,0.0,1399.034294911477,0,1
2025-11-15T12:44:54.633048,gen_217,10.0.0.159,192.168.0.148,34,27318,0.222,782.2352941176471,39.490921386722775,0.002902273631454124,0.0,0.029411764705882353,0.0,123054.05405405405,0,1
2025-11-15T12:44:54.633081,gen_218,10.0.0.88,192.168.1.142,31,24601,2.8536,787.483870967742,52.36095009349074,0.052317814630036395,0.0,0.06451612903225806,0.0,8621.040089711241,0,1
2025-11-15T12:44:54.633112,gen_219,10.0.4.78,192.168.5.74,29,6931,3.5037,254.20689655172413,47.48239551109503,0.05801566035273657,0.0,0.034482758620689655,0.0,1978.194480121015,0,1
2025-11-15T12:44:54.633136,gen_220,10.0.3.10,192.168.4.234,19,7112,1.0809,395.1578947368421,47.32003376549796,0.02896397653768119,0.0,0.0,0.0,6579.702100101767,0,1
2025-11-15T12:44:54.633147,gen_221,10.0.2.154,192.168.4.6,1,40,4.1177,92.0,0.0,0.0,0.0,2.0,0.0,9.71416081793234,0,1
2025-11-15T12:44:54.633172,gen_222,10.0.1.38,192.168.1.203,32,25077,1.5602,795.1875,47.86533028978281,0.021031524755913293,0.0,0.03125,0.0,16072.939366747853,0,1
2025-11-15T12:44:54.633198,gen_223,10.0.0.190,192.168.2.4,3,1306,0.1375,415.0,36.45088019056147,0.01520797108974983,0.0,0.6666666666666666,0.0,9498.181818181818,0,1
2025-11-15T12:44:54.633210,gen_224,10.0.1.95,192.168.4.195,7,1655,3.534,200.14285714285714,50.31452096967796,0.25023851877326303,0.0,0.2857142857142857,0.0,468.30786644029433,1,1
2025-11-15T12:44:54.633222,gen_225,10.0.1.130,192.168.2.149,7,4054,4.3558,578.4285714285714,38.946326226367134,0.23501619016917252,0.0,0.14285714285714285,0.0,930.7130722255383,0,1
2025-11-15T12:44:54.633252,gen_226,10.0.2.117,192.168.5.85,38,11536,1.352,296.55263157894734,50.16797960138836,0.01957297884424488,0.0,0.02631578947368421,0.0,8532.544378698225,1,1
2025-11-15T12:44:54.633282,gen_227,10.0.1.244,192.168.3.244,27,13837,0.6208,507.74074074074076,37.7531873489757,0.011099112235411717,0.0,0.0,0.0,22288.981958762884,0,1
2025-11-15T12:44:54.633302,gen_228,10.0.5.236,192.168.4.30,15,10085,1.4246,676.5333333333333,28.874132983616242,0.03766484011948898,0.0,0.0,0.0,7079.180120735645,0,1
2025-11-15T12:44:54.633328,gen_229,10.0.1.227,192.168.1.233,29,9724,3.7005,358.17241379310343,40.79221440719501,0.06073821319176993,0.0,0.034482758620689655,0.0,2627.7530063504933,0,1
2025-11-15T12:44:54.633351,gen_230,10.0.3.177,192.168.0.243,17,9602,1.7342,557.8235294117648,62.60072851870547,0.04231718656203354,0.0,0.0,0.0,5536.846961134817,0,1
2025-11-15T12:44:54.633383,gen_231,10.0.2.99,192.168.0.34,31,7075,3.0717,213.19354838709677,46.78255765039119,0.046438636147146654,0.0,0.03225806451612903,0.0,2303.2848259921216,0,1
2025-11-15T12:44:54.633411,gen_232,10.0.2.20,192.168.5.201,25,14325,2.5831,561.64,59.03279088777694,0.05722564100336841,0.0,0.0,0.0,5545.6621888428635,0,1
2025-11-15T12:44:54.633433,gen_233,10.0.0.133,192.168.0.74,16,6361,0.6795,398.1875,48.46160690433201,0.02091225201586381,0.0,0.0625,0.0,9361.295069904341,0,1
2025-11-15T12:44:54.633461,gen_234,10.0.4.247,192.168.5.66,31,19675,1.0385,627.3870967741935,46.02711502340475,0.017590111574723972,0.0,0.0,0.0,18945.594607607127,0,1
2025-11-15T12:44:54.633484,gen_235,10.0.4.168,192.168.0.55,17,13284,3.1175,759.0588235294117,33.30689839911333,0.0853000367828103,0.0,0.058823529411764705,0.0,4261.1066559743385,0,1
2025-11-15T12:44:54.633505,gen_236,10.0.4.214,192.168.5.27,11,4340,0.1841,410.09090909090907,39.95327849889065,0.008607757556341857,0.0,0.18181818181818182,0.0,23574.144486692014,0,1
2025-11-15T12:44:54.633525,gen_237,10.0.4.136,192.168.4.148,17,3270,3.4327,198.8235294117647,51.58457965450031,0.10142664332245695,0.0,0.0,0.0,952.6029073324205,0,1
2025-11-15T12:44:54.633547,gen_238,10.0.1.169,192.168.3.37,19,8959,2.427,475.0,44.673081497992904,0.058320755730486465,0.0,0.0,0.0,3691.3885455294603,0,1
2025-11-15T12:44:54.633558,gen_239,10.0.5.75,192.168.5.21,2,939,2.2331,467.0,77.0,0.20610849999999997,0.0,0.0,0.0,420.4916931619722,0,1
2025-11-15T12:44:54.633570,gen_240,10.0.5.41,192.168.2.89,8,5776,2.4556,714.625,40.88379110356573,0.10837060450140527,0.0,0.0,0.0,2352.174621273823,0,1
2025-11-15T12:44:54.633585,gen_241,10.0.2.105,192.168.5.218,11,5721,1.8597,537.2727272727273,58.49955852061995,0.098226657938087,0.0,0.09090909090909091,0.0,3076.3026294563642,0,1
2025-11-15T12:44:54.633616,gen_242,10.0.2.121,192.168.4.201,35,5354,3.6874,148.97142857142856,38.35360717942277,0.050484415395014,0.0,0.05714285714285714,0.0,1451.9715788902752,0,1
2025-11-15T12:44:54.633653,gen_243,10.0.0.169,192.168.3.105,39,34099,4.788,860.2307692307693,39.169232783451115,0.07294007568028629,0.0,0.02564102564102564,0.0,7121.762740183793,0,1
2025-11-15T12:44:54.633684,gen_244,10.0.5.177,192.168.4.79,26,12798,0.5139,513.3846153846154,46.30091951494046,0.008469813820145576,0.0,0.07692307692307693,0.0,24903.67775831874,1,1
2025-11-15T12:44:54.633703,gen_245,10.0.4.101,192.168.3.92,10,40,1.998,43.0,9.0,0.07884547745184882,0.0,0.1,0.0,20.02002002002002,0,1
2025-11-15T12:44:54.633713,gen_246,10.0.4.142,192.168.5.79,3,881,4.0356,286.6666666666667,7.1336448530109,0.6734808680064095,0.0,0.3333333333333333,0.0,218.30706710278523,1,1
2025-11-15T12:44:54.633725,gen_247,10.0.0.236,192.168.0.59,7,2382,1.8107,350.0,39.84254725075408,0.14055446111521241,0.0,0.0,0.0,1315.5133373833323,0,1
2025-11-15T12:44:54.633741,gen_248,10.0.2.68,192.168.2.72,12,6038,4.199,514.6666666666666,35.93821859184948,0.1946363636140732,0.0,0.08333333333333333,0.0,1437.961419385568,0,1
2025-11-15T12:44:54.633770,gen_249,10.0.1.207,192.168.1.144,32,2494,0.9033,90.84375,47.34653457157662,0.012850043006828566,0.0,0.03125,0.0,2760.987490313296,0,1
2025-11-15T12:44:54.633789,gen_250,10.0.4.90,192.168.5.110,2,1637,3.1265,791.0,78.0,0.11669649999999998,0.0,0.5,0.0,523.5886774348313,0,1
2025-11-15T12:44:54.633800,gen_251,10.0.3.78,192.168.2.90,7,5118,0.3718,748.5714285714286,39.9315741268097,0.018811286516561363,0.0,0.14285714285714285,0.0,13765.465303926841,0,1
2025-11-15T12:44:54.633831,gen_252,10.0.5.107,192.168.3.239,38,16236,0.5953,432.60526315789474,49.34973976025033,0.007871491475563033,0.0,0.05263157894736842,0.0,27273.643541071728,0,1
2025-11-15T12:44:54.633853,gen_253,10.0.2.24,192.168.1.137,12,8597,1.1042,733.8333333333334,49.8193960443342,0.0602851424179637,0.0,0.0,0.0,7785.727223329107,0,1
2025-11-15T12:44:54.633864,gen_254,10.0.5.32,192.168.2.21,4,1413,1.179,359.75,58.52082962501471,0.15930098231570952,0.0,0.25,0.0,1198.473282442748,0,1
2025-11-15T12:44:54.633894,gen_255,10.0.2.128,192.168.4.66,36,10767,1.0708,292.02777777777777,53.222012003760206,0.012781700255192196,0.0,0.05555555555555555,0.0,10055.098991408293,0,1
2025-11-15T12:44:54.633932,gen_256,10.0.3.236,192.168.2.9,40,24144,3.7655,607.4,53.835304401479895,0.0447998621104951,0.0,0.0,0.0,6411.897490373125,0,1
2025-11-15T12:44:54.633961,gen_257,10.0.5.213,192.168.4.23,25,14604,0.901,579.0,52.669535786828426,0.018460734705032733,0.0,0.08,0.0,16208.65704772475,0,1
2025-11-15T12:44:54.633992,gen_258,10.0.4.27,192.168.4.127,31,11293,1.2105,362.258064516129,50.23105821259521,0.01904538939581686,0.0,0.0,0.0,9329.202808756712,1,1
2025-11-15T12:44:54.634025,gen_259,10.0.2.169,192.168.4.212,37,19022,1.5875,515.1081081081081,49.63313179818921,0.022357539264691955,0.0,0.02702702702702703,0.0,11982.36220472441,0,1
2025-11-15T12:44:54.634054,gen_260,10.0.4.35,192.168.1.232,25,590,4.4622,55.68,23.852412875849687,0.07782352690536713,0.0,0.0,0.0,132.22177401281877,1,1
2025-11-15T12:44:54.634071,gen_261,10.0.0.110,192.168.4.145,10,4657,4.0616,443.0,55.44727225031002,0.19923001218062003,0.0,0.2,0.0,1146.5924758715776,0,1
2025-11-15T12:44:54.634087,gen_262,10.0.3.176,192.168.2.115,12,6571,3.7171,574.6666666666666,50.78604357717012,0.20150255573915118,0.0,0.16666666666666666,0.0,1767.7759543730328,1,1
2025-11-15T12:44:54.634115,gen_263,10.0.0.167,192.168.4.225,27,5720,2.8003,195.92592592592592,48.96175826388192,0.03852832210860994,0.0,0.037037037037037035,0.0,2042.6382887547763,1,1
2025-11-15T12:44:54.634150,gen_264,10.0.1.157,192.168.3.146,39,22022,0.3646,556.7948717948718,49.71569400211334,0.004635905412547029,0.0,0.05128205128205128,0.0,60400.43883708174,1,1
2025-11-15T12:44:54.634180,gen_265,10.0.5.69,192.168.4.131,27,21195,4.8073,799.1481481481482,56.50480392799372,0.07851539796611731,0.0,0.037037037037037035,0.0,4408.919767853057,0,1
2025-11-15T12:44:54.634197,gen_266,10.0.3.88,192.168.0.180,8,9001,1.5381,1134.875,45.957691140874346,0.08737745527594631,0.0,0.125,0.0,5852.025225928093,0,1
2025-11-15T12:44:54.634215,gen_267,10.0.2.28,192.168.0.85,16,5531,3.6476,341.625,33.637544128547795,0.11724613714250821,0.0,0.125,0.0,1516.3395109112842,1,1
2025-11-15T12:44:54.634235,gen_268,10.0.2.26,192.168.3.36,18,9613,3.1217,529.0,63.47177850562143,0.08422064746182428,0.0,0.05555555555555555,0.0,3079.4118589230225,0,1
2025-11-15T12:44:54.634263,gen_269,10.0.0.184,192.168.1.14,32,10516,0.5946,313.5,51.423486851826766,0.007255853810714556,0.0,0.0625,0.0,17685.839219643458,0,1
2025-11-15T12:44:54.634284,gen_270,10.0.4.139,192.168.1.33,14,12165,1.4848,875.0714285714286,51.94703935701422,0.03603978256576689,0.0,0.0,0.0,8193.022629310346,0,1
2025-11-15T12:44:54.634309,gen_271,10.0.0.74,192.168.3.186,28,15169,2.2153,527.6071428571429,50.6411318464929,0.04271884593435326,0.0,0.0,0.0,6847.379587414797,0,1
2025-11-15T12:44:54.634327,gen_272,10.0.3.101,192.168.1.223,11,3440,0.3002,319.8181818181818,28.251526690261862,0.014716506774805377,0.0,0.09090909090909091,0.0,11459.02731512325,1,1
2025-11-15T12:44:54.634355,gen_273,10.0.3.118,192.168.0.4,32,16457,3.5591,525.3125,48.83418212430715,0.050467289770738735,0.0,0.03125,0.0,4623.921777977579,0,1
2025-11-15T12:44:54.634386,gen_274,10.0.5.79,192.168.4.39,29,15479,2.5706,527.0689655172414,53.93606114681803,0.040423911876873705,0.0,0.034482758620689655,0.0,6021.551388780829,0,1
2025-11-15T12:44:54.634422,gen_275,10.0.3.177,192.168.5.3,29,22910,1.5142,788.0344827586207,48.849157518320645,0.022350018540613227,0.0,0.034482758620689655,0.0,15130.10170387003,0,1
2025-11-15T12:44:54.634459,gen_276,10.0.0.144,192.168.2.25,40,26691,0.3428,673.2,40.495802251591456,0.003998000166020507,0.0,0.025,0.0,77861.72695449242,0,1
2025-11-15T12:44:54.634486,gen_277,10.0.4.171,192.168.3.243,20,11439,2.9628,570.8,46.48827809243961,0.05553974692065135,0.0,0.1,0.0,3860.8748481166463,0,1
2025-11-15T12:44:54.634509,gen_278,10.0.4.87,192.168.1.18,20,11359,0.6576,567.3,45.58080736450376,0.014654112797692668,0.0,0.1,0.0,17273.418491484186,0,1
2025-11-15T12:44:54.634542,gen_279,10.0.0.174,192.168.0.171,37,20222,0.345,549.918918918919,49.94016873104572,0.004750521823937642,0.0,0.05405405405405406,0.0,58614.49275362319,0,1
2025-11-15T12:44:54.634576,gen_280,10.0.0.233,192.168.3.63,33,16901,1.0321,507.5151515151515,42.06425187238095,0.014628997705194498,0.0,0.030303030303030304,0.0,16375.351225656428,0,1
2025-11-15T12:44:54.634607,gen_281,10.0.4.129,192.168.0.100,31,14330,1.2809,470.16129032258067,34.11469910623955,0.014168284270056413,0.0,0.03225806451612903,0.0,11187.446326801468,0,1
2025-11-15T12:44:54.634639,gen_282,10.0.1.63,192.168.1.184,31,20295,1.3624,653.3870967741935,43.72470875932061,0.017713684590305548,0.0,0.0,0.0,14896.506165590134,0,1
2025-11-15T12:44:54.634664,gen_283,10.0.5.48,192.168.2.48,22,13329,3.9154,601.1818181818181,48.07157198446762,0.0854868368252105,0.0,0.0,0.0,3404.249885069214,0,1
2025-11-15T12:44:54.634688,gen_284,10.0.5.237,192.168.4.25,23,14906,3.9982,646.9565217391304,46.42851284817343,0.09234597635325083,0.0,0.08695652173913043,0.0,3728.17767995598,1,1
2025-11-15T12:44:54.634715,gen_285,10.0.4.36,192.168.0.178,26,9651,1.4592,375.1923076923077,56.09745588003985,0.028509977887642177,0.0,0.038461538461538464,0.0,6613.898026315789,1,1
2025-11-15T12:44:54.634756,gen_286,10.0.2.206,192.168.3.49,38,24670,2.04,659.1315789473684,47.60372113530598,0.02571072513990084,0.0,0.05263157894736842,0.0,12093.13725490196,1,1
2025-11-15T12:44:54.634777,gen_287,10.0.3.166,192.168.4.152,8,40,4.814,41.75,3.3819373146171707,0.2211583160797585,0.0,0.0,0.0,8.309098462816785,1,1
2025-11-15T12:44:54.634802,gen_288,10.0.2.181,192.168.0.100,27,5486,2.063,207.2962962962963,44.72865914875542,0.03730710770333086,0.0,0.037037037037037035,0.0,2659.234125060591,0,1
2025-11-15T12:44:54.634834,gen_289,10.0.0.16,192.168.5.144,34,5467,0.9979,164.08823529411765,44.25751358414206,0.015534011559080515,0.0,0.029411764705882353,0.0,5478.5048602064335,0,1
2025-11-15T12:44:54.634860,gen_290,10.0.3.220,192.168.1.150,20,5057,3.6527,251.9,35.628499828087065,0.08530506257161705,0.0,0.0,0.0,1384.4553344101623,0,1
2025-11-15T12:44:54.634889,gen_291,10.0.4.171,192.168.2.40,30,20802,3.8054,698.2333333333333,54.7282275328636,0.055756219383272,0.0,0.03333333333333333,0.0,5466.442423923898,1,1
2025-11-15T12:44:54.634915,gen_292,10.0.3.40,192.168.2.228,21,13170,3.1046,619.6666666666666,35.22219718591069,0.07449544374133016,0.0,0.09523809523809523,0.0,4242.092379050441,0,1
2025-11-15T12:44:54.634935,gen_293,10.0.4.164,192.168.3.19,14,10352,1.0152,739.8571428571429,55.713369955843945,0.032569049381777376,0.0,0.0,0.0,10197.005516154451,0,1
2025-11-15T12:44:54.634948,gen_294,10.0.3.1,192.168.1.10,6,4647,1.1025,749.8333333333334,39.384500617487696,0.0771490767506146,0.0,0.3333333333333333,0.0,4214.965986394558,1,1
2025-11-15T12:44:54.634963,gen_295,10.0.5.191,192.168.5.42,12,2382,4.7707,206.33333333333334,29.93140305580226,0.23805868707542766,0.0,0.16666666666666666,0.0,499.2977969689983,0,1
2025-11-15T12:44:54.634990,gen_296,10.0.0.196,192.168.0.93,30,20978,3.1735,703.4666666666667,48.285769700353285,0.05376982295278025,0.0,0.06666666666666667,0.0,6610.367102568142,1,1
2025-11-15T12:44:54.635019,gen_297,10.0.1.237,192.168.3.99,28,13032,1.6879,468.67857142857144,51.704554629043606,0.02878110692734055,0.0,0.07142857142857142,0.0,7720.836542449198,0,1
2025-11-15T12:44:54.635037,gen_298,10.0.3.66,192.168.0.74,10,4766,1.011,471.7,36.51588695348916,0.027037831858527414,0.0,0.2,0.0,4714.144411473789,0,1
2025-11-15T12:44:54.635074,gen_299,10.0.2.82,192.168.5.25,40,24718,1.4994,616.9,46.98499760561876,0.016897654692293842,0.0,0.05,0.0,16485.260770975055,0,1
2025-11-15T12:44:54.635096,gen_300,10.0.2.89,192.168.5.230,12,4586,1.5822,382.1666666666667,40.70797082745453,0.0764665575868791,0.0,0.16666666666666666,0.0,2898.4957653899633,0,1
2025-11-15T12:44:54.635108,gen_301,10.0.5.178,192.168.4.52,4,2054,4.2541,515.75,62.31522687112677,0.33078822112748735,0.0,0.0,0.0,482.8283303166357,1,1
2025-11-15T12:44:54.635132,gen_302,10.0.0.127,192.168.3.106,29,11677,1.7876,392.3103448275862,54.51801565460337,0.03327690958422692,0.0,0.034482758620689655,0.0,6532.221973595882,0,1
2025-11-15T12:44:54.635159,gen_303,10.0.0.246,192.168.5.171,24,8302,0.3962,342.25,55.68306894080701,0.007088143421583014,0.0,0.041666666666666664,0.0,20954.063604240284,0,1
2025-11-15T12:44:54.635171,gen_304,10.0.4.156,192.168.5.51,2,1552,0.7942,702.5,29.5,0.242332,0.0,0.0,0.0,1954.167715940569,0,1
2025-11-15T12:44:54.635191,gen_305,10.0.3.80,192.168.1.38,22,8768,2.2303,410.8181818181818,46.92318322500022,0.058086018823415096,0.0,0.0,0.0,3931.309689279469,0,1
2025-11-15T12:44:54.635220,gen_306,10.0.2.40,192.168.5.206,30,13220,1.4732,429.3666666666667,48.030187266852174,0.027008676563570373,0.0,0.03333333333333333,0.0,8973.662774911756,0,1
2025-11-15T12:44:54.635248,gen_307,10.0.1.99,192.168.3.35,26,16608,3.2626,637.8846153846154,37.68526229287571,0.06602343904382046,0.0,0.07692307692307693,0.0,5090.418684484767,0,1
2025-11-15T12:44:54.635267,gen_308,10.0.0.29,192.168.5.35,12,5510,4.3534,458.5,44.261533336898005,0.15508408118257352,0.0,0.16666666666666666,0.0,1265.6774015711858,0,1
2025-11-15T12:44:54.635280,gen_309,10.0.5.187,192.168.0.178,8,6361,3.6286,817.125,45.86239608873483,0.2780640216537371,0.0,0.125,0.0,1753.0176927740727,0,1
2025-11-15T12:44:54.635304,gen_310,10.0.3.66,192.168.4.226,26,13903,0.8151,511.5769230769231,31.773444496118593,0.01730152627480795,0.0,0.038461538461538464,0.0,17056.80284627653,0,1
2025-11-15T12:44:54.635338,gen_311,10.0.5.235,192.168.3.171,38,20782,4.2821,545.4473684210526,44.73118385270242,0.05681095028922279,0.0,0.02631578947368421,0.0,4853.226220779525,1,1
2025-11-15T12:44:54.635364,gen_312,10.0.2.228,192.168.1.162,3,1007,1.7405,277.6666666666667,47.39432689913659,0.21891784857490873,0.0,0.6666666666666666,0.0,578.569376615915,0,1
2025-11-15T12:44:54.635389,gen_313,10.0.4.115,192.168.0.228,31,18561,2.6859,590.5806451612904,39.57253380618723,0.042240492112452774,0.0,0.03225806451612903,0.0,6910.532782307606,0,1
2025-11-15T12:44:54.635421,gen_314,10.0.2.175,192.168.3.173,31,14467,4.6921,483.2903225806452,54.44037492961072,0.07755029324191075,0.0,0.0,0.0,3083.267620042199,0,1
2025-11-15T12:44:54.635442,gen_315,10.0.3.23,192.168.2.70,14,7270,2.5849,540.4285714285714,36.372505875640044,0.0680932131405254,0.0,0.0,0.0,2812.4879105574682,0,1
2025-11-15T12:44:54.635469,gen_316,10.0.3.223,192.168.5.33,30,12014,2.7895,400.53333333333336,46.580921225564246,0.04116366454911688,0.0,0.06666666666666667,0.0,4306.865029575193,1,1
2025-11-15T12:44:54.635485,gen_317,10.0.4.213,192.168.5.94,6,1708,4.4447,298.3333333333333,51.19136211857968,0.479919552975635,0.0,0.3333333333333333,0.0,384.2779040205188,0,1
2025-11-15T12:44:54.635509,gen_318,10.0.2.11,192.168.5.62,25,19586,3.0332,772.04,46.34607210972684,0.06817143266202934,0.0,0.0,0.0,6457.206910193855,0,1
2025-11-15T12:44:54.635533,gen_319,10.0.3.152,192.168.3.244,20,5806,3.9394,280.6,39.837670614633076,0.11621548010651378,0.0,0.0,0.0,1473.828501802305,0,1
2025-11-15T12:44:54.635564,gen_320,10.0.1.188,192.168.5.150,35,10386,0.0667,302.1142857142857,49.681138374679804,0.0007951591672265936,0.0,0.05714285714285714,0.0,155712.143928036,0,1
2025-11-15T12:44:54.635583,gen_321,10.0.3.88,192.168.5.117,10,2691,0.5572,270.1,54.55905057824962,0.032763647093844724,0.0,0.2,0.0,4829.504666188083,0,1
2025-11-15T12:44:54.635606,gen_322,10.0.2.239,192.168.3.5,24,12533,0.633,513.0833333333334,35.87816962381938,0.011367378377950653,0.0,0.041666666666666664,0.0,19799.368088467614,0,1
2025-11-15T12:44:54.635639,gen_323,10.0.5.65,192.168.4.157,36,19613,2.1541,553.1111111111111,38.12026129222693,0.02691978114724249,0.0,0.05555555555555555,0.0,9104.962629404392,1,1
2025-11-15T12:44:54.635675,gen_324,10.0.4.127,192.168.2.91,37,7724,2.6989,202.94594594594594,43.66329768404726,0.03577981976559872,0.0,0.05405405405405406,0.0,2861.906702730742,1,1
2025-11-15T12:44:54.635697,gen_325,10.0.3.102,192.168.2.81,5,2723,2.1668,554.6,48.23111029200966,0.09719499087710229,0.0,0.0,0.0,1256.6918958833303,0,1
2025-11-15T12:44:54.635713,gen_326,10.0.1.160,192.168.4.140,11,3777,0.3263,341.27272727272725,44.99311242056117,0.01722386960438218,0.0,0.0,0.0,11575.237511492493,1,1
2025-11-15T12:44:54.635728,gen_327,10.0.0.30,192.168.5.238,7,40,4.1061,53.285714285714285,16.66231235636952,0.2725104444482592,0.0,0.14285714285714285,0.0,9.741603955091207,0,1
2025-11-15T12:44:54.635754,gen_328,10.0.2.134,192.168.1.197,28,23007,4.2684,810.2857142857143,41.86616187572108,0.06023586222432749,0.0,0.0,0.0,5390.075906662919,0,1
2025-11-15T12:44:54.635779,gen_329,10.0.2.100,192.168.0.79,21,9400,2.7518,438.9047619047619,40.6458628620485,0.06295751211319418,0.0,0.09523809523809523,0.0,3415.945926302784,0,1
2025-11-15T12:44:54.635801,gen_330,10.0.0.144,192.168.0.242,19,8116,1.064,441.8421052631579,46.564345020056,0.024540351520915164,0.0,0.05263157894736842,0.0,7627.81954887218,0,1
2025-11-15T12:44:54.635816,gen_331,10.0.5.194,192.168.5.194,7,2057,3.2442,282.14285714285717,57.22743740406987,0.1858187807484947,0.0,0.0,0.0,634.0546205536033,0,1
2025-11-15T12:44:54.635841,gen_332,10.0.1.87,192.168.3.229,26,12130,0.122,472.4230769230769,52.633108238448514,0.002509165524372241,0.0,0.038461538461538464,0.0,99426.22950819672,0,1
2025-11-15T12:44:54.635877,gen_333,10.0.3.127,192.168.2.146,40,28973,4.4543,719.375,51.84432828188634,0.06586982872908792,0.0,0.025,0.0,6504.5012684372405,0,1
2025-11-15T12:44:54.635895,gen_334,10.0.0.179,192.168.2.61,6,1416,2.8963,157.83333333333334,28.085682394336718,0.15712772341315204,0.0,0.16666666666666666,0.0,488.89963056313223,1,1
2025-11-15T12:44:54.635921,gen_335,10.0.5.102,192.168.5.42,29,10437,4.3144,353.86206896551727,48.194093312377404,0.07699041886549536,0.0,0.06896551724137931,0.0,2419.1081030966066,0,1
2025-11-15T12:44:54.635949,gen_336,10.0.3.31,192.168.3.129,26,8953,3.18,358.1923076923077,45.453288982096126,0.06525926088300082,0.0,0.038461538461538464,0.0,2815.4088050314463,0,1
2025-11-15T12:44:54.635976,gen_337,10.0.3.217,192.168.0.232,26,12103,4.629,449.03846153846155,45.31639266079088,0.08740810816322794,0.0,0.038461538461538464,0.0,2614.603586087708,1,1
2025-11-15T12:44:54.636012,gen_338,10.0.3.226,192.168.2.146,33,15469,2.9319,455.8484848484849,46.05998803413127,0.0372412063959224,0.0,0.06060606060606061,0.0,5276.100821992564,1,1
2025-11-15T12:44:54.636041,gen_339,10.0.2.167,192.168.5.144,26,11263,2.0638,415.3076923076923,45.01774797939247,0.03769569033722555,0.0,0.038461538461538464,0.0,5457.408663630196,1,1
2025-11-15T12:44:54.636065,gen_340,10.0.4.239,192.168.5.203,21,10691,3.5142,506.0,58.177069611415014,0.0738459459038877,0.0,0.09523809523809523,0.0,3042.228672244038,0,1
2025-11-15T12:44:54.636097,gen_341,10.0.3.148,192.168.4.230,35,24249,2.9373,693.7142857142857,54.86480601237473,0.038931565938446294,0.0,0.02857142857142857,0.0,8255.540802778061,0,1
2025-11-15T12:44:54.636126,gen_342,10.0.4.18,192.168.1.139,25,14287,4.5386,571.36,56.156125222454584,0.07959383735384544,0.0,0.08,0.0,3147.8870136165337,0,1
2025-11-15T12:44:54.636152,gen_343,10.0.1.131,192.168.1.72,24,6688,0.6558,271.5416666666667,55.436885409345365,0.01457457261469583,0.0,0.0,0.0,10198.231168039036,0,1
2025-11-15T12:44:54.636167,gen_344,10.0.1.63,192.168.5.79,7,3923,0.8082,553.8571428571429,26.65884238955286,0.06028597210777637,0.0,0.2857142857142857,0.0,4853.996535511012,0,1
2025-11-15T12:44:54.636188,gen_345,10.0.4.223,192.168.3.199,22,16353,0.8227,731.7727272727273,53.7087531533665,0.02069483730889749,0.0,0.045454545454545456,0.0,19877.23349945302,0,1
2025-11-15T12:44:54.636225,gen_346,10.0.2.194,192.168.1.35,38,25201,1.3347,674.7368421052631,54.15459557236716,0.017616227706345095,0.0,0.02631578947368421,0.0,18881.39656851727,0,1
2025-11-15T12:44:54.636241,gen_347,10.0.2.179,192.168.2.111,4,1369,3.7628,355.75,24.620875289071265,0.34736413561347984,0.0,0.25,0.0,363.8248113107261,0,1
2025-11-15T12:44:54.636265,gen_348,10.0.1.232,192.168.3.187,26,14480,1.9204,556.5384615384615,43.27393136860429,0.03777436621055961,0.0,0.038461538461538464,0.0,7540.095813372213,0,1
2025-11-15T12:44:54.636297,gen_349,10.0.5.143,192.168.4.75,33,8773,1.5046,271.3939393939394,49.43250028555278,0.01564773298471907,0.0,0.06060606060606061,0.0,5830.785590854713,0,1
2025-11-15T12:44:54.636334,gen_350,10.0.1.22,192.168.1.26,32,9954,2.5573,311.28125,52.844248962753746,0.03371769659126938,0.0,0.03125,0.0,3892.3865013881828,0,1
2025-11-15T12:44:54.636354,gen_351,10.0.1.180,192.168.3.244,10,7146,4.897,720.9,32.35567956325443,0.2826749458095818,0.0,0.0,0.0,1459.260771901164,0,1
2025-11-15T12:44:54.636365,gen_352,10.0.0.10,192.168.1.226,4,2944,4.5982,724.5,11.757976016304847,0.4583755515977046,0.0,0.5,0.0,640.2505328171893,0,1
2025-11-15T12:44:54.636383,gen_353,10.0.3.37,192.168.5.199,16,10957,0.3934,695.375,39.86049893064561,0.011642719707336158,0.0,0.125,0.0,27852.058973055413,0,1
2025-11-15T12:44:54.636398,gen_354,10.0.4.160,192.168.1.143,8,1272,1.5029,162.625,55.13378614787851,0.05126953752092343,0.0,0.125,0.0,846.3636968527514,1,1
2025-11-15T12:44:54.636411,gen_355,10.0.5.95,192.168.2.131,8,4641,4.5792,561.875,39.83540353755689,0.26565188029155284,0.0,0.0,0.0,1013.4958071278826,1,1
2025-11-15T12:44:54.636440,gen_356,10.0.0.171,192.168.1.247,33,17953,2.1218,545.2424242424242,51.03060893883693,0.03510991904303466,0.0,0.06060606060606061,0.0,8461.212178339147,0,1
2025-11-15T12:44:54.636467,gen_357,10.0.2.181,192.168.2.68,22,12830,4.5882,557.0909090909091,56.72253768116987,0.0862145339870448,0.0,0.09090909090909091,0.0,2796.303561309446,0,1
2025-11-15T12:44:54.636490,gen_358,10.0.5.216,192.168.0.64,20,15441,0.4793,772.65,47.10337036773483,0.010754969945448476,0.0,0.0,0.0,32215.731274775713,0,1
2025-11-15T12:44:54.636508,gen_359,10.0.3.153,192.168.4.197,12,6397,3.3554,535.5,56.20868853359475,0.10793620380920879,0.0,0.16666666666666666,0.0,1906.4791083030339,1,1
2025-11-15T12:44:54.636532,gen_360,10.0.2.238,192.168.3.122,24,10118,4.3559,415.25,38.30932219012321,0.08461778190532052,0.0,0.08333333333333333,0.0,2322.8265111687597,1,1
2025-11-15T12:44:54.636552,gen_361,10.0.2.99,192.168.5.88,13,6769,2.1231,490.2307692307692,30.45337886054138,0.05482895679707595,0.0,0.15384615384615385,0.0,3188.2624464226838,1,1
2025-11-15T12:44:54.636585,gen_362,10.0.0.81,192.168.5.75,39,27193,3.9044,705.4871794871794,53.81491157132308,0.044749062154787904,0.0,0.02564102564102564,0.0,6964.706484991292,0,1
2025-11-15T12:44:54.636616,gen_363,10.0.5.239,192.168.0.184,28,9287,1.4053,339.7857142857143,43.778955432667765,0.023281258229419174,0.0,0.07142857142857142,0.0,6608.5533338077275,1,1
2025-11-15T12:44:54.636649,gen_364,10.0.3.238,192.168.4.118,28,18715,1.7786,653.0714285714286,43.232699736780404,0.031471328198461136,0.0,0.03571428571428571,0.0,10522.320926571461,0,1
2025-11-15T12:44:54.636666,gen_365,10.0.1.71,192.168.4.76,7,2130,3.1949,320.57142857142856,33.470059724463944,0.19754203786784116,0.0,0.2857142857142857,0.0,666.6875332561269,0,1
2025-11-15T12:44:54.636687,gen_366,10.0.3.202,192.168.5.10,21,8672,3.6888,410.1904761904762,51.12228015596205,0.08265064916440192,0.0,0.0,0.0,2350.9000216872696,0,1
2025-11-15T12:44:54.636719,gen_367,10.0.0.117,192.168.0.243,33,12805,4.9366,386.0,47.7937487987961,0.06002026766188115,0.0,0.0,0.0,2593.8905319450632,1,1
2025-11-15T12:44:54.636756,gen_368,10.0.1.211,192.168.5.78,39,20181,2.9952,516.9230769230769,49.86411515585265,0.025632635283288272,0.0,0.02564102564102564,0.0,6737.780448717948,0,1
2025-11-15T12:44:54.636789,gen_369,10.0.0.207,192.168.0.122,31,16517,1.5549,521.3870967741935,47.40265231408459,0.025789430199897396,0.0,0.03225806451612903,0.0,10622.548073831114,0,1
2025-11-15T12:44:54.636820,gen_370,10.0.3.48,192.168.2.75,31,9425,3.4231,305.03225806451616,63.34263399952609,0.05259483766942783,0.0,0.06451612903225806,0.0,2753.3522245917443,0,1
2025-11-15T12:44:54.636856,gen_371,10.0.1.123,192.168.5.175,38,35865,4.1106,936.6578947368421,52.91765018243937,0.052025921212337824,0.0,0.0,0.0,8725.003649102322,1,1
2025-11-15T12:44:54.636892,gen_372,10.0.5.142,192.168.3.90,35,13492,2.999,369.77142857142854,54.501945293873014,0.03746186964298171,0.0,0.0,0.0,4498.832944314771,0,1
2025-11-15T12:44:54.636928,gen_373,10.0.2.76,192.168.2.132,37,21971,3.024,589.5135135135135,52.698336617485545,0.03446224403280319,0.0,0.0,0.0,7265.542328042328,1,1
2025-11-15T12:44:54.636947,gen_374,10.0.0.57,192.168.4.137,8,3627,3.1814,438.375,51.59199913746316,0.1323248644614836,0.0,0.125,0.0,1140.064122713271,0,1
2025-11-15T12:44:54.636966,gen_375,10.0.1.241,192.168.5.212,11,4462,3.1648,394.72727272727275,36.3720444824691,0.17929452285711905,0.0,0.09090909090909091,0.0,1409.8837209302326,1,1
2025-11-15T12:44:54.636984,gen_376,10.0.0.60,192.168.1.139,14,8572,0.9699,599.3571428571429,39.38202480257993,0.037053310791854414,0.0,0.0,0.0,8838.024538612228,0,1
2025-11-15T12:44:54.637000,gen_377,10.0.2.14,192.168.2.146,9,3527,4.5873,399.0,78.4077660552689,0.2259132114551958,0.0,0.2222222222222222,0.0,768.861857737667,1,1
2025-11-15T12:44:54.637029,gen_378,10.0.3.226,192.168.1.42,32,16086,3.4601,504.6875,46.17794217751588,0.0496195378162734,0.0,0.0,0.0,4648.998583855958,1,1
2025-11-15T12:44:54.637057,gen_379,10.0.1.203,192.168.4.88,26,10601,2.865,406.88461538461536,54.39267974155581,0.059334360414221986,0.0,0.0,0.0,3700.174520069808,0,1
2025-11-15T12:44:54.637074,gen_380,10.0.5.175,192.168.1.180,8,5838,4.8466,726.5,38.61023180453596,0.29639869135412444,0.0,0.125,0.0,1204.555771055998,0,1
2025-11-15T12:44:54.637091,gen_381,10.0.1.219,192.168.0.21,14,8325,3.8095,588.5,39.83672031824766,0.14997175057733236,0.0,0.0,0.0,2185.3261582884893,0,1
2025-11-15T12:44:54.637114,gen_382,10.0.1.201,192.168.1.211,22,7121,0.1437,344.8181818181818,54.89463988044103,0.0030776032550435327,0.0,0.0,0.0,49554.62769659012,0,1
2025-11-15T12:44:54.637148,gen_383,10.0.1.163,192.168.3.231,38,22412,0.415,574.1578947368421,52.03669065683593,0.005144826950886748,0.0,0.02631578947368421,0.0,54004.819277108436,1,1
2025-11-15T12:44:54.637172,gen_384,10.0.2.100,192.168.2.189,15,6371,2.687,414.8666666666667,58.92918537438718,0.10441218564209831,0.0,0.0,0.0,2371.045775958318,1,1
2025-11-15T12:44:54.637187,gen_385,10.0.5.76,192.168.5.6,9,3989,3.3104,471.55555555555554,32.21839057678121,0.17863534323121316,0.0,0.1111111111111111,0.0,1204.9903334944418,1,1
2025-11-15T12:44:54.637204,gen_386,10.0.3.135,192.168.5.153,13,4278,2.4263,326.3076923076923,44.75640842018667,0.07559702310440883,0.0,0.15384615384615385,0.0,1763.1785022462186,0,1
2025-11-15T12:44:54.637237,gen_387,10.0.0.183,192.168.2.34,39,18429,1.8385,471.1025641025641,45.29549412797229,0.022345993889978728,0.0,0.0,0.0,10023.932553712266,0,1
2025-11-15T12:44:54.637256,gen_388,10.0.5.36,192.168.1.92,3,1741,4.3784,575.3333333333334,37.2588542795162,0.49189653357342905,0.0,0.0,0.0,397.6338388452403,1,1
2025-11-15T12:44:54.637275,gen_389,10.0.5.92,192.168.2.175,17,13951,1.9561,836.0588235294117,49.74342473632339,0.053325617085896865,0.0,0.0,0.0,7132.048463779971,1,1
2025-11-15T12:44:54.637304,gen_390,10.0.2.137,192.168.2.8,32,23354,2.2513,724.75,37.659660115301094,0.026397557748584315,0.0,0.0,0.0,10373.561941989072,1,1
2025-11-15T12:44:54.637340,gen_391,10.0.3.49,192.168.1.242,37,12014,1.3387,315.64864864864865,57.18732434501038,0.01770229870184767,0.0,0.02702702702702703,0.0,8974.378128034661,0,1
2025-11-15T12:44:54.637370,gen_392,10.0.2.53,192.168.4.197,27,8997,0.7676,340.18518518518516,44.20661676385615,0.012033435694422312,0.0,0.07407407407407407,0.0,11720.948410630537,0,1
2025-11-15T12:44:54.637394,gen_393,10.0.5.135,192.168.0.148,19,1973,4.2299,119.0,32.57703420961977,0.1078330925361825,0.0,0.10526315789473684,0.0,466.44128702806216,0,1
2025-11-15T12:44:54.637414,gen_394,10.0.5.228,192.168.5.131,15,7904,0.0915,535.8666666666667,55.331566236843706,0.0021981201908297314,0.0,0.0,0.0,86382.51366120219,1,1
2025-11-15T12:44:54.637434,gen_395,10.0.0.96,192.168.3.2,17,7349,4.194,419.6470588235294,39.938100895187624,0.12987032716803928,0.0,0.0,0.0,1752.265140677158,1,1
2025-11-15T12:44:54.637465,gen_396,10.0.3.222,192.168.1.51,33,5431,4.2105,154.42424242424244,48.633465409730086,0.06690234787050345,0.0,0.06060606060606061,0.0,1289.8705616910106,1,1
2025-11-15T12:44:54.637497,gen_397,10.0.1.36,192.168.3.153,29,17471,1.6121,613.3448275862069,50.244420422480374,0.03361352222182252,0.0,0.034482758620689655,0.0,10837.417033682774,1,1
2025-11-15T12:44:54.637524,gen_398,10.0.0.32,192.168.1.232,23,18356,0.1995,799.2173913043479,45.9564600386242,0.0039023360765626457,0.0,0.0,0.0,92010.02506265664,1,1
2025-11-15T12:44:54.637551,gen_399,10.0.2.93,192.168.1.222,23,6620,4.5635,285.1304347826087,48.849640066161925,0.0912849264855,0.0,0.08695652173913043,0.0,1450.640955407034,0,1
2025-11-15T12:44:54.637578,gen_400,10.0.2.46,192.168.3.94,15,7596,3.7252,501.06666666666666,57.772504032820166,0.1431940145191675,0.0,0.06666666666666667,0.0,2039.0851497906153,0,1
2025-11-15T12:44:54.637604,gen_401,10.0.4.186,192.168.5.61,24,10019,0.9687,419.25,50.831625654376495,0.021904965136317015,0.0,0.041666666666666664,0.0,10342.72736657376,0,1
2025-11-15T12:44:54.637630,gen_402,10.0.5.94,192.168.1.243,23,17033,3.0085,735.7391304347826,54.78988909525136,0.0681297298994362,0.0,0.0,0.0,5661.6253947149735,0,1
2025-11-15T12:44:54.637645,gen_403,10.0.5.214,192.168.4.33,5,876,0.5864,227.6,57.72555759799986,0.054084960813150264,0.0,0.4,0.0,1493.8608458390177,1,1
2025-11-15T12:44:54.637663,gen_404,10.0.3.46,192.168.2.109,16,10847,0.6666,698.875,54.9987215760512,0.023927858948501326,0.0,0.0625,0.0,16272.127212721272,0,1
2025-11-15T12:44:54.637676,gen_405,10.0.4.19,192.168.1.79,5,741,2.2835,165.0,24.289915602982237,0.14068733397800956,0.0,0.2,0.0,324.5018611780162,0,1
2025-11-15T12:44:54.637696,gen_406,10.0.0.21,192.168.5.157,18,13827,4.2475,788.7777777777778,41.64073266987447,0.13539443341854346,0.0,0.0,0.0,3255.32666274279,0,1
2025-11-15T12:44:54.637731,gen_407,10.0.2.70,192.168.0.64,40,18870,3.611,463.8,49.445019971681674,0.04495849617344312,0.0,0.025,0.0,5225.699252284686,0,1
2025-11-15T12:44:54.637764,gen_408,10.0.3.199,192.168.4.222,28,11128,2.1833,394.92857142857144,53.22185948020431,0.04553427236679219,0.0,0.07142857142857142,0.0,5096.871707965007,0,1
2025-11-15T12:44:54.637796,gen_409,10.0.0.2,192.168.4.90,30,13847,4.9741,475.06666666666666,60.17415465869785,0.08253227037829236,0.0,0.03333333333333333,0.0,2783.820188576828,0,1
2025-11-15T12:44:54.637815,gen_410,10.0.1.55,192.168.0.99,9,324,0.5408,56.55555555555556,21.145585886163946,0.029581992116075543,0.0,0.1111111111111111,0.0,599.1124260355031,0,1
2025-11-15T12:44:54.637837,gen_411,10.0.3.180,192.168.5.53,21,10801,0.5179,501.42857142857144,43.91503856590471,0.011611257395860499,0.0,0.047619047619047616,0.0,20855.377486001158,1,1
2025-11-15T12:44:54.637860,gen_412,10.0.0.182,192.168.0.181,19,8676,0.7163,457.94736842105266,46.63799409360133,0.022235242751453523,0.0,0.0,0.0,12112.243473404997,1,1
2025-11-15T12:44:54.637882,gen_413,10.0.1.109,192.168.0.49,7,2483,2.896,365.7142857142857,33.30257083904778,0.24886908499786284,0.0,0.2857142857142857,0.0,857.389502762431,0,1
2025-11-15T12:44:54.637906,gen_414,10.0.2.114,192.168.3.85,25,13531,3.7659,543.48,52.688609774789086,0.08420266000678127,0.0,0.04,0.0,3593.0322100958606,1,1
2025-11-15T12:44:54.637930,gen_415,10.0.1.226,192.168.5.131,18,10270,1.5889,581.5,41.38873974618915,0.03383017105769951,0.0,0.05555555555555555,0.0,6463.591163698156,0,1
2025-11-15T12:44:54.637943,gen_416,10.0.4.183,192.168.2.17,4,1151,1.709,294.25,55.65238090144931,0.16540763244255086,0.0,0.0,0.0,673.4932709186659,1,1
2025-11-15T12:44:54.637955,gen_417,10.0.1.25,192.168.3.185,6,1319,2.9491,212.5,32.22188697143605,0.1661153306658426,0.0,0.0,0.0,447.255094774677,1,1
2025-11-15T12:44:54.637969,gen_418,10.0.5.163,192.168.2.174,10,4426,0.0807,434.9,48.33725271465064,0.003932621951065218,0.0,0.0,0.0,54845.10532837671,1,1
2025-11-15T12:44:54.637988,gen_419,10.0.5.164,192.168.4.153,16,3712,3.8357,235.1875,50.41604252368486,0.12303885475017383,0.0,0.125,0.0,967.7503454389029,0,1
2025-11-15T12:44:54.638018,gen_420,10.0.4.87,192.168.0.147,30,9433,4.5259,310.1666666666667,58.270680639771335,0.059596991936776665,0.0,0.06666666666666667,0.0,2084.2263417220884,0,1
2025-11-15T12:44:54.638034,gen_421,10.0.1.22,192.168.0.53,5,1213,3.5124,208.0,35.22499112845878,0.45384594783974885,0.0,0.4,0.0,345.34791026079034,1,1
2025-11-15T12:44:54.638049,gen_422,10.0.3.25,192.168.0.92,10,2253,3.7507,229.9,39.828256301274344,0.16332686589364284,0.0,0.1,0.0,600.6878715973019,0,1
2025-11-15T12:44:54.638078,gen_423,10.0.4.150,192.168.5.177,32,9829,0.4695,299.0,47.39527930079113,0.007293039623115724,0.0,0.03125,0.0,20935.037273695423,0,1
2025-11-15T12:44:54.638092,gen_424,10.0.2.239,192.168.4.167,1,76,0.4809,40.0,0.0,0.0,0.0,2.0,0.0,158.03701393221044,0,1
2025-11-15T12:44:54.638117,gen_425,10.0.4.167,192.168.0.116,25,6520,1.0932,258.36,52.33880396035049,0.018906350110119086,0.0,0.0,0.0,5964.141968532748,0,1
2025-11-15T12:44:54.638153,gen_426,10.0.2.10,192.168.0.234,38,20108,4.967,533.8157894736842,51.81741998450343,0.046120156961849075,0.0,0.05263157894736842,0.0,4048.3189047714923,0,1
2025-11-15T12:44:54.638186,gen_427,10.0.4.76,192.168.0.63,21,10950,4.6294,537.8571428571429,44.426810560726054,0.09834567491033432,0.0,0.047619047619047616,0.0,2365.317319739059,0,1
2025-11-15T12:44:54.638200,gen_428,10.0.5.180,192.168.5.144,4,3431,3.0118,863.0,43.69782603288177,0.2973812808175516,0.0,0.5,0.0,1139.1858689155986,1,1
2025-11-15T12:44:54.638210,gen_429,10.0.0.80,192.168.4.3,4,2279,1.0884,605.5,34.87477598494362,0.11385508508845796,0.0,0.5,0.0,2093.899301727306,0,1
2025-11-15T12:44:54.638224,gen_430,10.0.0.180,192.168.4.164,10,4863,1.2869,498.7,48.86931552620724,0.051671048715504125,0.0,0.2,0.0,3778.8483953687155,0,1
2025-11-15T12:44:54.638236,gen_431,10.0.3.160,192.168.1.13,5,2073,0.7681,391.4,24.418026128252055,0.05170172883995273,0.0,0.2,0.0,2698.867334982424,1,1
2025-11-15T12:44:54.638250,gen_432,10.0.5.69,192.168.3.144,9,3561,1.674,398.44444444444446,49.634466320426775,0.08197290110415818,0.0,0.0,0.0,2127.2401433691757,0,1
2025-11-15T12:44:54.638265,gen_433,10.0.4.95,192.168.1.242,11,6614,4.1307,599.1818181818181,57.87575749642612,0.2077164199493989,0.0,0.0,0.0,1601.1813978260343,0,1
2025-11-15T12:44:54.638298,gen_434,10.0.4.137,192.168.4.90,36,32686,4.428,894.9166666666666,54.76433095039548,0.057654614477314625,0.0,0.05555555555555555,0.0,7381.662149954833,0,1
2025-11-15T12:44:54.638315,gen_435,10.0.3.33,192.168.5.71,5,4702,3.2656,961.0,39.380198069588225,0.25677614652144,0.0,0.0,0.0,1439.857912787849,1,1
2025-11-15T12:44:54.638331,gen_436,10.0.2.37,192.168.0.153,14,15957,4.097,1158.9285714285713,45.85608588011953,0.11404720861969346,0.0,0.07142857142857142,0.0,3894.801073956553,1,1
2025-11-15T12:44:54.638348,gen_437,10.0.0.186,192.168.4.26,10,6207,2.1545,590.4,58.1948451325373,0.08623980830683704,0.0,0.1,0.0,2880.9468554188907,1,1
2025-11-15T12:44:54.638379,gen_438,10.0.2.45,192.168.4.237,36,26568,1.9412,735.9444444444445,47.75338524617009,0.02405553644495007,0.0,0.027777777777777776,0.0,13686.379559035648,0,1
2025-11-15T12:44:54.638395,gen_439,10.0.4.227,192.168.3.49,3,1336,4.4274,428.3333333333333,56.40527950073075,0.727378680867584,0.0,0.6666666666666666,0.0,301.75723901160956,1,1
2025-11-15T12:44:54.638421,gen_440,10.0.4.45,192.168.4.24,29,26686,4.2387,928.4827586206897,49.52158755299877,0.08314815907333238,0.0,0.06896551724137931,0.0,6295.798240026424,0,1
2025-11-15T12:44:54.638441,gen_441,10.0.1.247,192.168.5.143,12,5301,4.5537,397.0,47.31807265728392,0.12174179709769523,0.0,0.0,0.0,1164.1083075301403,0,1
2025-11-15T12:44:54.638470,gen_442,10.0.1.227,192.168.4.103,25,10354,3.8555,411.68,52.09124302605958,0.06743166645486377,0.0,0.08,0.0,2685.5142004928025,0,1
2025-11-15T12:44:54.638503,gen_443,10.0.3.236,192.168.1.117,34,16218,3.0501,474.47058823529414,46.98137008376934,0.04388663530713325,0.0,0.029411764705882353,0.0,5317.202714665093,1,1
2025-11-15T12:44:54.638531,gen_444,10.0.2.85,192.168.1.226,22,8996,2.5629,419.0,53.997474688426614,0.0762163914121258,0.0,0.0,0.0,3510.0862304420775,0,1
2025-11-15T12:44:54.638559,gen_445,10.0.3.45,192.168.5.190,26,13647,0.826,518.4615384615385,46.22206496837661,0.014222149696655667,0.0,0.038461538461538464,0.0,16521.79176755448,0,1
2025-11-15T12:44:54.638592,gen_446,10.0.3.190,192.168.4.57,34,20391,1.9983,610.4117647058823,40.00964416609548,0.03230264538343827,0.0,0.0,0.0,10204.17354751539,0,1
2025-11-15T12:44:54.638606,gen_447,10.0.3.62,192.168.3.176,1,304,3.8976,231.0,0.0,0.0,0.0,1.0,0.0,77.9967159277504,0,1
2025-11-15T12:44:54.638616,gen_448,10.0.2.20,192.168.2.78,5,3594,1.0153,711.2,23.760471375795557,0.11253375448637622,0.0,0.2,0.0,3539.8404412488917,0,1
2025-11-15T12:44:54.638628,gen_449,10.0.1.118,192.168.2.61,6,3951,1.8351,665.0,45.35416188179427,0.09253533992195749,0.0,0.3333333333333333,0.0,2153.01618440412,1,1
2025-11-15T12:44:54.638643,gen_450,10.0.1.147,192.168.2.148,10,4265,3.3147,419.2,49.335180145612114,0.1408381322711999,0.0,0.2,0.0,1286.6926116993995,0,1
2025-11-15T12:44:54.638661,gen_451,10.0.4.211,192.168.1.33,16,13590,4.536,830.8125,51.11288823525824,0.1040751559761735,0.0,0.0,0.0,2996.0317460317465,0,1
2025-11-15T12:44:54.638692,gen_452,10.0.0.226,192.168.1.164,33,30991,0.1979,936.6666666666666,63.449176352400194,0.003411916833859728,0.0,0.030303030303030304,0.0,156599.29257200606,1,1
2025-11-15T12:44:54.638722,gen_453,10.0.3.126,192.168.3.89,26,9858,1.523,372.8076923076923,42.576645124518336,0.027296479243678874,0.0,0.07692307692307693,0.0,6472.751149047932,0,1
2025-11-15T12:44:54.638756,gen_454,10.0.0.196,192.168.2.183,34,19350,0.6299,568.1764705882352,52.374483340557276,0.00910169605116461,0.0,0.0,0.0,30719.161771709794,0,1
2025-11-15T12:44:54.638791,gen_455,10.0.4.123,192.168.1.14,27,17182,2.7218,632.0,54.8445614981643,0.05442133959845152,0.0,0.037037037037037035,0.0,6312.73422000147,0,1
2025-11-15T12:44:54.638806,gen_456,10.0.0.120,192.168.3.71,4,1401,4.5425,377.25,31.275989192989563,0.4393973066158348,0.0,0.0,0.0,308.42047330764996,0,1
2025-11-15T12:44:54.638835,gen_457,10.0.5.191,192.168.0.22,35,16721,0.6122,482.0,46.047180773016464,0.008054048448337224,0.0,0.0,0.0,27312.96961777197,0,1
2025-11-15T12:44:54.638866,gen_458,10.0.4.222,192.168.3.164,26,7328,2.6326,266.96153846153845,48.383468862531934,0.06029902195788024,0.0,0.07692307692307693,0.0,2783.5599787282536,0,1
2025-11-15T12:44:54.638899,gen_459,10.0.5.135,192.168.2.14,33,6016,1.3511,167.72727272727272,48.73320859367574,0.014854693350647851,0.0,0.030303030303030304,0.0,4452.668196284509,0,1
2025-11-15T12:44:54.638921,gen_460,10.0.4.161,192.168.3.140,13,8025,0.518,615.6923076923077,37.72651508989934,0.016779513945185846,0.0,0.0,0.0,15492.277992277992,1,1
2025-11-15T12:44:54.638941,gen_461,10.0.3.175,192.168.1.185,17,9577,2.0165,551.0,46.28555866765001,0.06612400084511452,0.0,0.0,0.0,4749.318125464914,0,1
2025-11-15T12:44:54.638953,gen_462,10.0.5.132,192.168.5.161,3,641,4.6239,200.0,44.21161235090467,0.3399563849911076,0.0,0.6666666666666666,0.0,138.6275654750319,1,1
2025-11-15T12:44:54.638980,gen_463,10.0.4.166,192.168.0.29,30,16257,4.7557,535.5666666666667,49.300901501786846,0.06772492698219272,0.0,0.0,0.0,3418.424206741384,0,1
2025-11-15T12:44:54.639004,gen_464,10.0.2.225,192.168.2.122,18,7303,1.5711,411.55555555555554,56.9865697844893,0.04734717040488022,0.0,0.0,0.0,4648.335561071861,1,1
2025-11-15T12:44:54.639018,gen_465,10.0.4.217,192.168.5.101,6,3714,2.1957,629.6666666666666,46.02052682107072,0.11155600212997158,0.0,0.0,0.0,1691.4879081841782,0,1
2025-11-15T12:44:54.639038,gen_466,10.0.4.107,192.168.3.165,17,4991,3.3719,293.7647058823529,50.68765879704111,0.08751128707041009,0.0,0.058823529411764705,0.0,1480.174382395682,0,1
2025-11-15T12:44:54.639072,gen_467,10.0.2.8,192.168.1.208,36,4350,1.8697,123.13888888888889,44.552810597074185,0.021486900791995615,0.0,0.027777777777777776,0.0,2326.5764561159544,1,1
2025-11-15T12:44:54.639111,gen_468,10.0.4.116,192.168.4.121,34,21338,1.413,635.0588235294117,47.23529411764705,0.019158134814983956,0.0,0.0,0.0,15101.203113941967,0,1
2025-11-15T12:44:54.639144,gen_469,10.0.0.61,192.168.5.95,32,17657,4.7215,568.34375,45.10793262761551,0.08014745007864192,0.0,0.0,0.0,3739.701366091285,0,1
2025-11-15T12:44:54.639172,gen_470,10.0.3.32,192.168.1.108,19,13744,4.7908,724.6315789473684,46.10652485656483,0.12011374070484526,0.0,0.0,0.0,2868.831927861735,0,1
2025-11-15T12:44:54.639184,gen_471,10.0.2.45,192.168.0.198,3,746,0.8104,207.33333333333334,60.05737997023254,0.08380729227751538,0.0,0.0,0.0,920.533070088845,0,1
2025-11-15T12:44:54.639200,gen_472,10.0.0.224,192.168.2.234,13,7070,3.4354,543.5384615384615,59.812032986187894,0.1315497698414005,0.0,0.15384615384615385,0.0,2057.984514175933,0,1
2025-11-15T12:44:54.639218,gen_473,10.0.5.244,192.168.2.11,14,6879,3.8352,502.7857142857143,41.91518403945311,0.11914345363958678,0.0,0.0,0.0,1793.648310387985,0,1
2025-11-15T12:44:54.639237,gen_474,10.0.1.248,192.168.1.234,15,3543,0.3481,216.13333333333333,47.62893611614221,0.010295492611170515,0.0,0.13333333333333333,0.0,10178.109738580866,1,1
2025-11-15T12:44:54.639254,gen_475,10.0.3.245,192.168.3.50,10,3861,0.9951,406.3,55.819441057753345,0.03945322201037579,0.0,0.0,0.0,3880.012059089539,1,1
2025-11-15T12:44:54.639271,gen_476,10.0.4.249,192.168.3.134,10,8879,2.9789,851.3,64.28849041624791,0.12511416506758938,0.0,0.2,0.0,2980.6304340528386,0,1
2025-11-15T12:44:54.639281,gen_477,10.0.3.151,192.168.5.122,2,1055,1.1409,548.5,32.5,0.1563985,0.0,0.0,0.0,924.708563414848,1,1
2025-11-15T12:44:54.639314,gen_478,10.0.4.25,192.168.5.203,40,17021,3.6018,429.2,42.17238432908436,0.04272652900830466,0.0,0.025,0.0,4725.6927092009555,0,1
2025-11-15T12:44:54.639353,gen_479,10.0.5.138,192.168.5.190,39,27431,0.2102,708.6153846153846,46.112246209581855,0.0027746937818737705,0.0,0.05128205128205128,0.0,130499.52426260704,0,1
2025-11-15T12:44:54.639377,gen_480,10.0.4.120,192.168.0.103,14,1732,2.1295,105.21428571428571,53.46184029143534,0.058787383276949996,0.0,0.0,0.0,813.3364639586757,0,1
2025-11-15T12:44:54.639397,gen_481,10.0.4.117,192.168.4.245,16,4093,3.3055,239.5625,51.57514996342715,0.12044732315823534,0.0,0.0,0.0,1238.2392981394646,0,1
2025-11-15T12:44:54.639422,gen_482,10.0.4.138,192.168.1.107,16,3505,4.8234,229.75,48.138472140274665,0.18283248334488758,0.0,0.0625,0.0,726.6658373761247,0,1
2025-11-15T12:44:54.639435,gen_483,10.0.3.189,192.168.3.61,4,2659,0.9831,645.5,35.87129771837088,0.09889105678820254,0.0,0.25,0.0,2704.7095921066016,0,1
2025-11-15T12:44:54.639445,gen_484,10.0.4.167,192.168.5.184,4,2666,3.3279,600.75,19.828956099603428,0.4238565856601734,0.0,0.25,0.0,801.1058024580066,1,1
2025-11-15T12:44:54.639461,gen_485,10.0.3.246,192.168.1.159,14,4828,4.1133,361.7857142857143,48.05677976761086,0.1195794314709828,0.0,0.14285714285714285,0.0,1173.7534339824472,1,1
2025-11-15T12:44:54.639479,gen_486,10.0.0.215,192.168.4.197,14,6122,2.527,434.57142857142856,63.210209715242186,0.106309823752899,0.0,0.14285714285714285,0.0,2422.6355362089434,1,1
2025-11-15T12:44:54.639502,gen_487,10.0.0.224,192.168.5.150,22,14787,4.9049,691.0454545454545,45.22115079626837,0.10381991278333286,0.0,0.045454545454545456,0.0,3014.7403616791375,0,1
2025-11-15T12:44:54.639529,gen_488,10.0.4.179,192.168.2.33,26,12620,1.4446,475.3076923076923,42.33726239357298,0.03143192057908553,0.0,0.038461538461538464,0.0,8735.98227883151,1,1
2025-11-15T12:44:54.639545,gen_489,10.0.5.249,192.168.5.174,6,1392,2.3126,240.33333333333334,49.52328296423365,0.1797712532633872,0.0,0.0,0.0,601.9199169765632,0,1
2025-11-15T12:44:54.639570,gen_490,10.0.1.74,192.168.5.32,29,22254,2.4204,786.8620689655172,57.98734947527484,0.03821524385399695,0.0,0.06896551724137931,0.0,9194.34804164601,0,1
2025-11-15T12:44:54.639593,gen_491,10.0.1.134,192.168.4.42,18,6234,4.9651,368.44444444444446,53.848782326294916,0.14277808500132316,0.0,0.05555555555555555,0.0,1255.5638355722947,0,1
2025-11-15T12:44:54.639623,gen_492,10.0.4.142,192.168.3.237,32,17039,2.6019,541.15625,55.83351892848506,0.043300764993231045,0.0,0.03125,0.0,6548.675967562166,1,1
2025-11-15T12:44:54.639652,gen_493,10.0.0.150,192.168.5.143,26,18856,2.2601,729.6923076923077,49.125247488724185,0.04170469142220455,0.0,0.0,0.0,8342.993672846334,0,1
2025-11-15T12:44:54.639672,gen_494,10.0.3.142,192.168.0.218,13,3685,4.0381,273.0,45.973236361370745,0.13404171286580907,0.0,0.15384615384615385,0.0,912.5578861345682,0,1
2025-11-15T12:44:54.639690,gen_495,10.0.5.62,192.168.1.136,13,6425,2.3588,525.2307692307693,45.84615384615385,0.12089749480037176,0.0,0.07692307692307693,0.0,2723.842631846702,0,1
2025-11-15T12:44:54.639714,gen_496,10.0.2.143,192.168.4.90,17,11118,3.8904,651.2352941176471,57.71382688012284,0.10167518103819038,0.0,0.058823529411764705,0.0,2857.8038247995064,1,1
2025-11-15T12:44:54.639742,gen_497,10.0.1.231,192.168.2.37,22,11236,4.3157,515.2727272727273,37.8984070403803,0.09901898629035247,0.0,0.045454545454545456,0.0,2603.517389994671,1,1
2025-11-15T12:44:54.639769,gen_498,10.0.4.72,192.168.4.89,20,9543,2.9934,480.4,46.47730629027461,0.08222224657127473,0.0,0.1,0.0,3188.013629985969,0,1
2025-11-15T12:44:54.639799,gen_499,10.0.3.106,192.168.0.34,32,13233,0.2268,424.34375,42.60399729998935,0.003256191482049764,0.0,0.0625,0.0,58346.560846560846,1,1
2025-11-15T12:48:20.180846,anom_0,10.0.99.1,198.51.100.5,4,500000,60.0,125000.0,0.0,0.0,0.0,0.0,0.0,8333.333333333334,0,1
2025-11-15T12:48:20.386425,anom_1,10.0.99.1,198.51.100.5,4,500000,60.0,125000.0,0.0,0.0,0.0,0.0,0.0,8333.333333333334,0,1
2025-11-15T12:48:20.591615,anom_2,10.0.99.1,198.51.100.5,4,500000,60.0,125000.0,0.0,0.0,0.0,0.0,0.0,8333.333333333334,0,1
2025-11-15T12:48:20.796789,anom_3,10.0.99.1,198.51.100.5,4,500000,60.0,125000.0,0.0,0.0,0.0,0.0,0.0,8333.333333333334,0,1
2025-11-15T12:48:20.997044,anom_4,10.0.99.1,198.51.100.5,4,500000,60.0,125000.0,0.0,0.0,0.0,0.0,0.0,8333.333333333334,0,1
2025-11-15T12:54:44.741104,anom_0,10.0.99.1,198.51.100.5,4,500000,60.0,125000.0,0.0,0.0,0.0,0.0,0.0,8333.333333333334,0,1
2025-11-15T12:54:44.946361,anom_1,10.0.99.1,198.51.100.5,4,500000,60.0,125000.0,0.0,0.0,0.0,0.0,0.0,8333.333333333334,0,1
2025-11-15T12:54:45.148462,anom_2,10.0.99.1,198.51.100.5,4,500000,60.0,125000.0,0.0,0.0,0.0,0.0,0.0,8333.333333333334,0,1
2025-11-15T12:54:45.353731,anom_3,10.0.99.1,198.51.100.5,4,500000,60.0,125000.0,0.0,0.0,0.0,0.0,0.0,8333.333333333334,0,1
2025-11-15T12:54:45.558929,anom_4,10.0.99.1,198.51.100.5,4,500000,60.0,125000.0,0.0,0.0,0.0,0.0,0.0,8333.333333333334,0,1
2025-11-15T13:01:43.327763,anom_0,10.0.99.1,198.51.100.5,4,500000,60.0,125000.0,0.0,0.0,0.0,0.0,0.0,8333.333333333334,0,1
2025-11-15T13:01:43.533310,anom_1,10.0.99.1,198.51.100.5,4,500000,60.0,125000.0,0.0,0.0,0.0,0.0,0.0,8333.333333333334,0,1
2025-11-15T13:01:43.733792,anom_2,10.0.99.1,198.51.100.5,4,500000,60.0,125000.0,0.0,0.0,0.0,0.0,0.0,8333.333333333334,0,1
2025-11-15T13:01:43.937317,anom_3,10.0.99.1,198.51.100.5,4,500000,60.0,125000.0,0.0,0.0,0.0,0.0,0.0,8333.333333333334,0,1
2025-11-15T13:01:44.142631,anom_4,10.0.99.1,198.51.100.5,4,500000,60.0,125000.0,0.0,0.0,0.0,0.0,0.0,8333.333333333334,0,1
2025-11-15T13:21:27.328107+00:00,session-2-1763212887328,127.0.0.1,127.0.0.1,1,23,0.0001,0.0,0.0,0.0,0.0,0.0,0.0,230000.0,0,0
